cd_produto,tp_valor,cd_empresa,round,nr_dctoorigem,nr_sequencia,cd_valor,cd_historico,in_estorno,dt_movimento,dt_cadastro
255391,C,3,49.30,346966,76900,8,11,F,2025-02-25 00:00:00.000,2025-02-25 09:40:37.000
255394,C,3,49.30,346966,76901,8,11,F,2025-02-25 00:00:00.000,2025-02-25 09:40:37.000
247444,C,3,40.66,346966,76902,8,11,F,2025-02-25 00:00:00.000,2025-02-25 09:40:37.000
247445,C,3,40.66,346966,76903,8,11,F,2025-02-25 00:00:00.000,2025-02-25 09:40:37.000
247446,C,3,40.66,346966,76904,8,11,F,2025-02-25 00:00:00.000,2025-02-25 09:40:37.000
247449,C,3,49.30,346966,76905,8,11,F,2025-02-25 00:00:00.000,2025-02-25 09:40:38.000
247450,C,3,49.30,346966,76906,8,11,F,2025-02-25 00:00:00.000,2025-02-25 09:40:38.000
256198,C,3,27.55,346966,76907,8,11,F,2025-02-25 00:00:00.000,2025-02-25 09:40:38.000
256202,C,3,37.05,346966,76908,8,11,F,2025-02-25 00:00:00.000,2025-02-25 09:40:38.000
255397,C,3,40.19,346966,76909,8,11,F,2025-02-25 00:00:00.000,2025-02-25 09:40:38.000
255399,C,3,40.19,346966,76910,8,11,F,2025-02-25 00:00:00.000,2025-02-25 09:40:38.000
255395,C,3,28.40,346966,76911,8,11,F,2025-02-25 00:00:00.000,2025-02-25 09:40:38.000
233505,C,3,37.53,346966,76912,8,11,F,2025-02-25 00:00:00.000,2025-02-25 09:40:38.000
252013,C,2,44.53,346991,76971,8,11,F,2025-02-25 00:00:00.000,2025-02-25 09:50:00.000
260978,C,3,215.14,346955,76851,8,11,F,2025-02-25 00:00:00.000,2025-02-25 09:19:18.000
260975,C,3,215.14,346955,76852,8,11,F,2025-02-25 00:00:00.000,2025-02-25 09:19:18.000
260977,C,3,215.14,346955,76853,8,11,F,2025-02-25 00:00:00.000,2025-02-25 09:19:18.000
260976,C,3,215.14,346955,76854,8,11,F,2025-02-25 00:00:00.000,2025-02-25 09:19:18.000
260990,C,3,246.14,346955,76855,8,11,F,2025-02-25 00:00:00.000,2025-02-25 09:19:18.000
260991,C,3,246.14,346955,76856,8,11,F,2025-02-25 00:00:00.000,2025-02-25 09:19:18.000
260989,C,3,246.14,346955,76857,8,11,F,2025-02-25 00:00:00.000,2025-02-25 09:19:18.000
260994,C,3,287.86,346955,76858,8,11,F,2025-02-25 00:00:00.000,2025-02-25 09:19:18.000
222242,C,3,28.80,346925,76789,8,11,F,2025-02-25 00:00:00.000,2025-02-25 08:54:53.000
249930,C,3,13.43,346926,76790,8,11,F,2025-02-25 00:00:00.000,2025-02-25 08:55:53.000
249931,C,3,16.94,346926,76791,8,11,F,2025-02-25 00:00:00.000,2025-02-25 08:55:53.000
249925,C,3,6.39,346926,76792,8,11,F,2025-02-25 00:00:00.000,2025-02-25 08:55:53.000
249928,C,3,10.37,346926,76793,8,11,F,2025-02-25 00:00:00.000,2025-02-25 08:55:53.000
261491,C,3,13.98,346927,76794,8,11,F,2025-02-25 00:00:00.000,2025-02-25 08:56:56.000
261492,C,3,13.98,346927,76795,8,11,F,2025-02-25 00:00:00.000,2025-02-25 08:56:56.000
261489,C,3,12.88,346927,76796,8,11,F,2025-02-25 00:00:00.000,2025-02-25 08:56:57.000
261488,C,3,12.88,346927,76797,8,11,F,2025-02-25 00:00:00.000,2025-02-25 08:56:57.000
261490,C,3,12.88,346927,76798,8,11,F,2025-02-25 00:00:00.000,2025-02-25 08:56:57.000
219759,C,3,6.16,346928,76799,8,11,F,2025-02-25 00:00:00.000,2025-02-25 08:57:39.000
260151,C,3,91.10,346929,76800,8,11,F,2025-02-25 00:00:00.000,2025-02-25 09:00:18.000
234261,C,3,107.50,346930,76801,8,11,F,2025-02-25 00:00:00.000,2025-02-25 09:01:03.000
234264,C,3,107.50,346930,76802,8,11,F,2025-02-25 00:00:00.000,2025-02-25 09:01:03.000
234263,C,3,107.50,346930,76803,8,11,F,2025-02-25 00:00:00.000,2025-02-25 09:01:03.000
234269,C,3,144.00,346931,76804,8,11,F,2025-02-25 00:00:00.000,2025-02-25 09:01:53.000
234272,C,3,144.00,346931,76805,8,11,F,2025-02-25 00:00:00.000,2025-02-25 09:01:53.000
236065,C,3,39.88,346932,76806,8,11,F,2025-02-25 00:00:00.000,2025-02-25 09:02:41.000
236066,C,3,46.40,346932,76807,8,11,F,2025-02-25 00:00:00.000,2025-02-25 09:02:41.000
250498,C,3,80.46,346933,76808,8,11,F,2025-02-25 00:00:00.000,2025-02-25 09:03:24.000
261337,C,3,24.50,346934,76809,8,11,F,2025-02-25 00:00:00.000,2025-02-25 09:04:02.000
245982,C,3,35.66,346935,76810,8,11,F,2025-02-25 00:00:00.000,2025-02-25 09:04:42.000
249827,C,3,08.05,346936,76811,8,11,F,2025-02-25 00:00:00.000,2025-02-25 09:05:31.000
249829,C,3,08.05,346936,76812,8,11,F,2025-02-25 00:00:00.000,2025-02-25 09:05:31.000
249828,C,3,08.05,346937,76813,8,11,F,2025-02-25 00:00:00.000,2025-02-25 09:06:16.000
249827,C,3,08.05,346937,76814,8,11,F,2025-02-25 00:00:00.000,2025-02-25 09:06:16.000
249829,C,3,08.05,346937,76815,8,11,F,2025-02-25 00:00:00.000,2025-02-25 09:06:16.000
234253,C,3,98.11,346938,76816,8,11,F,2025-02-25 00:00:00.000,2025-02-25 09:08:53.000
261687,C,3,37.02,346939,76817,8,11,F,2025-02-25 00:00:00.000,2025-02-25 09:09:42.000
261686,C,3,37.02,346939,76818,8,11,F,2025-02-25 00:00:00.000,2025-02-25 09:09:42.000
261689,C,3,37.02,346939,76819,8,11,F,2025-02-25 00:00:00.000,2025-02-25 09:09:42.000
261688,C,3,37.02,346939,76820,8,11,F,2025-02-25 00:00:00.000,2025-02-25 09:09:42.000
261690,C,3,14.39,346939,76821,8,11,F,2025-02-25 00:00:00.000,2025-02-25 09:09:42.000
261693,C,3,14.39,346939,76822,8,11,F,2025-02-25 00:00:00.000,2025-02-25 09:09:42.000
261692,C,3,14.39,346939,76823,8,11,F,2025-02-25 00:00:00.000,2025-02-25 09:09:42.000
261691,C,3,14.39,346939,76824,8,11,F,2025-02-25 00:00:00.000,2025-02-25 09:09:42.000
236497,C,3,5.25,346941,76827,8,11,F,2025-02-25 00:00:00.000,2025-02-25 09:11:56.000
258700,C,3,22.84,346942,76828,8,11,F,2025-02-25 00:00:00.000,2025-02-25 09:12:38.000
234343,C,3,8.52,346944,76831,8,11,F,2025-02-25 00:00:00.000,2025-02-25 09:13:23.000
234148,C,3,28.80,346944,76832,8,11,F,2025-02-25 00:00:00.000,2025-02-25 09:13:23.000
234151,C,3,53.70,346946,76834,8,11,F,2025-02-25 00:00:00.000,2025-02-25 09:13:59.000
222244,C,3,36.00,346947,76835,8,11,F,2025-02-25 00:00:00.000,2025-02-25 09:14:34.000
242057,C,3,28.00,346948,76836,8,11,F,2025-02-25 00:00:00.000,2025-02-25 09:15:10.000
250506,C,3,68.62,346951,76841,8,11,F,2025-02-25 00:00:00.000,2025-02-25 09:15:58.000
260148,C,3,68.62,346951,76842,8,11,F,2025-02-25 00:00:00.000,2025-02-25 09:15:58.000
258390,C,3,7.10,346952,76843,8,11,F,2025-02-25 00:00:00.000,2025-02-25 09:16:37.000
253601,C,3,34.56,346953,76844,8,11,F,2025-02-25 00:00:00.000,2025-02-25 09:17:26.000
232658,C,3,34.56,346953,76845,8,11,F,2025-02-25 00:00:00.000,2025-02-25 09:17:26.000
254616,C,3,34.56,346953,76846,8,11,F,2025-02-25 00:00:00.000,2025-02-25 09:17:26.000
184551,C,3,34.56,346953,76847,8,11,F,2025-02-25 00:00:00.000,2025-02-25 09:17:26.000
184550,C,3,34.56,346953,76848,8,11,F,2025-02-25 00:00:00.000,2025-02-25 09:17:26.000
184554,C,3,34.56,346953,76849,8,11,F,2025-02-25 00:00:00.000,2025-02-25 09:17:26.000
260984,C,3,164.30,346955,76859,8,11,F,2025-02-25 00:00:00.000,2025-02-25 09:19:18.000
260982,C,3,164.30,346955,76860,8,11,F,2025-02-25 00:00:00.000,2025-02-25 09:19:18.000
260983,C,3,164.30,346955,76861,8,11,F,2025-02-25 00:00:00.000,2025-02-25 09:19:19.000
260992,C,3,187.86,346955,76862,8,11,F,2025-02-25 00:00:00.000,2025-02-25 09:19:19.000
260993,C,3,187.86,346955,76863,8,11,F,2025-02-25 00:00:00.000,2025-02-25 09:19:19.000
260979,C,3,173.60,346955,76864,8,11,F,2025-02-25 00:00:00.000,2025-02-25 09:19:19.000
260980,C,3,173.60,346955,76865,8,11,F,2025-02-25 00:00:00.000,2025-02-25 09:19:19.000
260981,C,3,173.60,346955,76866,8,11,F,2025-02-25 00:00:00.000,2025-02-25 09:19:19.000
260985,C,3,198.40,346955,76867,8,11,F,2025-02-25 00:00:00.000,2025-02-25 09:19:19.000
260986,C,3,198.40,346955,76868,8,11,F,2025-02-25 00:00:00.000,2025-02-25 09:19:19.000
260987,C,3,198.40,346955,76869,8,11,F,2025-02-25 00:00:00.000,2025-02-25 09:19:19.000
260996,C,3,228.16,346955,76870,8,11,F,2025-02-25 00:00:00.000,2025-02-25 09:19:19.000
260997,C,3,228.16,346955,76871,8,11,F,2025-02-25 00:00:00.000,2025-02-25 09:19:20.000
260998,C,3,151.90,346955,76872,8,11,F,2025-02-25 00:00:00.000,2025-02-25 09:19:20.000
260999,C,3,151.90,346955,76873,8,11,F,2025-02-25 00:00:00.000,2025-02-25 09:19:20.000
261001,C,3,173.60,346955,76874,8,11,F,2025-02-25 00:00:00.000,2025-02-25 09:19:20.000
261000,C,3,173.60,346955,76875,8,11,F,2025-02-25 00:00:00.000,2025-02-25 09:19:20.000
258598,C,3,9.10,346964,76885,8,11,F,2025-02-25 00:00:00.000,2025-02-25 09:37:33.000
256475,C,3,9.10,346964,76886,8,11,F,2025-02-25 00:00:00.000,2025-02-25 09:37:33.000
254290,C,3,15.98,346964,76887,8,11,F,2025-02-25 00:00:00.000,2025-02-25 09:37:33.000
254546,C,3,9.10,346964,76888,8,11,F,2025-02-25 00:00:00.000,2025-02-25 09:37:33.000
254547,C,3,9.10,346964,76889,8,11,F,2025-02-25 00:00:00.000,2025-02-25 09:37:33.000
236452,C,3,22.90,346964,76890,8,11,F,2025-02-25 00:00:00.000,2025-02-25 09:37:33.000
236451,C,3,22.90,346964,76891,8,11,F,2025-02-25 00:00:00.000,2025-02-25 09:37:33.000
236449,C,3,22.90,346964,76892,8,11,F,2025-02-25 00:00:00.000,2025-02-25 09:37:34.000
236454,C,3,22.90,346964,76893,8,11,F,2025-02-25 00:00:00.000,2025-02-25 09:37:34.000
254551,C,3,9.10,346964,76894,8,11,F,2025-02-25 00:00:00.000,2025-02-25 09:37:34.000
254555,C,3,9.10,346964,76895,8,11,F,2025-02-25 00:00:00.000,2025-02-25 09:37:34.000
254557,C,3,9.10,346964,76896,8,11,F,2025-02-25 00:00:00.000,2025-02-25 09:37:34.000
236443,C,3,15.40,346964,76897,8,11,F,2025-02-25 00:00:00.000,2025-02-25 09:37:34.000
259653,C,3,64.29,346967,76913,8,11,F,2025-02-25 00:00:00.000,2025-02-25 09:40:55.000
258137,C,3,191.95,346969,76916,8,11,F,2025-02-25 00:00:00.000,2025-02-25 09:41:28.000
253016,C,3,36.17,346970,76917,8,11,F,2025-02-25 00:00:00.000,2025-02-25 09:42:13.000
252938,C,3,7.60,346970,76918,8,11,F,2025-02-25 00:00:00.000,2025-02-25 09:42:14.000
261525,C,3,6.95,346971,76919,8,11,F,2025-02-25 00:00:00.000,2025-02-25 09:43:22.000
261522,C,3,6.95,346971,76920,8,11,F,2025-02-25 00:00:00.000,2025-02-25 09:43:23.000
261523,C,3,6.95,346971,76921,8,11,F,2025-02-25 00:00:00.000,2025-02-25 09:43:23.000
261524,C,3,6.95,346971,76922,8,11,F,2025-02-25 00:00:00.000,2025-02-25 09:43:23.000
261526,C,3,6.95,346971,76923,8,11,F,2025-02-25 00:00:00.000,2025-02-25 09:43:23.000
261527,C,3,6.95,346971,76924,8,11,F,2025-02-25 00:00:00.000,2025-02-25 09:43:23.000
261528,C,3,6.95,346971,76925,8,11,F,2025-02-25 00:00:00.000,2025-02-25 09:43:23.000
261529,C,3,6.95,346971,76926,8,11,F,2025-02-25 00:00:00.000,2025-02-25 09:43:23.000
237042,C,3,10.14,346974,76929,8,11,F,2025-02-25 00:00:00.000,2025-02-25 09:44:32.000
255090,C,3,6.99,346977,76942,8,11,F,2025-02-25 00:00:00.000,2025-02-25 09:45:29.000
236766,C,3,31.90,346979,76947,8,11,F,2025-02-25 00:00:00.000,2025-02-25 09:46:31.000
236760,C,3,31.90,346979,76948,8,11,F,2025-02-25 00:00:00.000,2025-02-25 09:46:31.000
236768,C,3,31.90,346979,76949,8,11,F,2025-02-25 00:00:00.000,2025-02-25 09:46:31.000
236775,C,3,45.00,346979,76950,8,11,F,2025-02-25 00:00:00.000,2025-02-25 09:46:31.000
236773,C,3,45.00,346979,76951,8,11,F,2025-02-25 00:00:00.000,2025-02-25 09:46:31.000
236774,C,3,45.00,346979,76952,8,11,F,2025-02-25 00:00:00.000,2025-02-25 09:46:31.000
165870,C,3,1.89,346982,76954,8,11,F,2025-02-25 00:00:00.000,2025-02-25 09:47:35.000
236065,C,3,39.88,346988,76967,8,11,F,2025-02-25 00:00:00.000,2025-02-25 09:48:55.000
236064,C,3,33.90,346988,76968,8,11,F,2025-02-25 00:00:00.000,2025-02-25 09:48:55.000
234270,C,3,144.00,346990,76969,8,11,F,2025-02-25 00:00:00.000,2025-02-25 09:49:44.000
234272,C,3,144.00,346990,76970,8,11,F,2025-02-25 00:00:00.000,2025-02-25 09:49:45.000
256463,C,3,133.13,346992,76972,8,11,F,2025-02-25 00:00:00.000,2025-02-25 09:50:39.000
259120,C,3,25.93,346996,76976,8,11,F,2025-02-25 00:00:00.000,2025-02-25 09:52:58.000
259105,C,3,43.78,346996,76977,8,11,F,2025-02-25 00:00:00.000,2025-02-25 09:52:59.000
259104,C,3,43.78,346996,76978,8,11,F,2025-02-25 00:00:00.000,2025-02-25 09:52:59.000
258987,C,3,21.24,346996,76979,8,11,F,2025-02-25 00:00:00.000,2025-02-25 09:52:59.000
258988,C,3,21.24,346996,76980,8,11,F,2025-02-25 00:00:00.000,2025-02-25 09:52:59.000
258989,C,3,21.38,346996,76981,8,11,F,2025-02-25 00:00:00.000,2025-02-25 09:52:59.000
258990,C,3,21.38,346996,76982,8,11,F,2025-02-25 00:00:00.000,2025-02-25 09:52:59.000
259121,C,3,21.60,346996,76983,8,11,F,2025-02-25 00:00:00.000,2025-02-25 09:52:59.000
259106,C,3,130.25,346996,76984,8,11,F,2025-02-25 00:00:00.000,2025-02-25 09:52:59.000
259117,C,3,10.55,346996,76985,8,11,F,2025-02-25 00:00:00.000,2025-02-25 09:52:59.000
258970,C,3,10.84,346996,76986,8,11,F,2025-02-25 00:00:00.000,2025-02-25 09:52:59.000
249824,C,3,68.70,346999,77011,8,11,F,2025-02-25 00:00:00.000,2025-02-25 09:53:44.000
249826,C,3,68.70,346999,77012,8,11,F,2025-02-25 00:00:00.000,2025-02-25 09:53:44.000
249816,C,3,37.80,346999,77013,8,11,F,2025-02-25 00:00:00.000,2025-02-25 09:53:44.000
258759,C,3,37.37,347001,77017,8,11,F,2025-02-25 00:00:00.000,2025-02-25 09:54:34.000
252498,C,3,17.67,347001,77018,8,11,F,2025-02-25 00:00:00.000,2025-02-25 09:54:34.000
252499,C,3,17.67,347001,77019,8,11,F,2025-02-25 00:00:00.000,2025-02-25 09:54:34.000
252497,C,3,17.67,347001,77020,8,11,F,2025-02-25 00:00:00.000,2025-02-25 09:54:34.000
254605,C,3,16.76,347001,77021,8,11,F,2025-02-25 00:00:00.000,2025-02-25 09:54:34.000
178483,C,3,16.76,347001,77022,8,11,F,2025-02-25 00:00:00.000,2025-02-25 09:54:34.000
249828,C,3,08.05,347003,77024,8,11,F,2025-02-25 00:00:00.000,2025-02-25 09:55:20.000
249829,C,3,08.05,347003,77025,8,11,F,2025-02-25 00:00:00.000,2025-02-25 09:55:20.000
249386,C,3,23.16,347004,77026,8,11,F,2025-02-25 00:00:00.000,2025-02-25 09:56:16.000
247058,C,3,43.11,347004,77027,8,11,F,2025-02-25 00:00:00.000,2025-02-25 09:56:17.000
249384,C,3,13.33,347004,77028,8,11,F,2025-02-25 00:00:00.000,2025-02-25 09:56:17.000
249237,C,3,8.33,347004,77029,8,11,F,2025-02-25 00:00:00.000,2025-02-25 09:56:17.000
261284,C,3,7.50,347006,77039,8,11,F,2025-02-25 00:00:00.000,2025-02-25 09:57:07.000
225822,C,3,32.95,347032,77204,8,11,F,2025-02-25 00:00:00.000,2025-02-25 10:19:50.000
225818,C,3,32.95,347032,77205,8,11,F,2025-02-25 00:00:00.000,2025-02-25 10:19:50.000
252655,C,3,32.95,347032,77206,8,11,F,2025-02-25 00:00:00.000,2025-02-25 10:19:50.000
252091,C,3,32.95,347032,77207,8,11,F,2025-02-25 00:00:00.000,2025-02-25 10:19:51.000
225823,C,3,32.95,347032,77208,8,11,F,2025-02-25 00:00:00.000,2025-02-25 10:19:51.000
225829,C,3,41.78,347032,77209,8,11,F,2025-02-25 00:00:00.000,2025-02-25 10:19:51.000
225827,C,3,41.78,347032,77210,8,11,F,2025-02-25 00:00:00.000,2025-02-25 10:19:51.000
252088,C,3,17.12,347078,77369,8,11,F,2025-02-25 00:00:00.000,2025-02-25 10:33:39.000
222244,C,3,36.00,347079,77370,8,11,F,2025-02-25 00:00:00.000,2025-02-25 10:34:53.000
222252,C,3,53.70,347079,77371,8,11,F,2025-02-25 00:00:00.000,2025-02-25 10:34:54.000
222255,C,3,53.70,347079,77372,8,11,F,2025-02-25 00:00:00.000,2025-02-25 10:34:54.000
234151,C,3,53.70,347079,77373,8,11,F,2025-02-25 00:00:00.000,2025-02-25 10:34:54.000
261509,C,3,10.84,347080,77374,8,11,F,2025-02-25 00:00:00.000,2025-02-25 10:35:41.000
261510,C,3,10.84,347080,77375,8,11,F,2025-02-25 00:00:00.000,2025-02-25 10:35:42.000
261508,C,3,10.84,347080,77376,8,11,F,2025-02-25 00:00:00.000,2025-02-25 10:35:42.000
261507,C,3,10.84,347080,77377,8,11,F,2025-02-25 00:00:00.000,2025-02-25 10:35:42.000
261511,C,3,11.19,347080,77378,8,11,F,2025-02-25 00:00:00.000,2025-02-25 10:35:42.000
222244,C,3,36.00,347083,77381,8,11,F,2025-02-25 00:00:00.000,2025-02-25 10:36:23.000
234151,C,3,53.70,347083,77382,8,11,F,2025-02-25 00:00:00.000,2025-02-25 10:36:24.000
222242,C,3,28.80,347083,77383,8,11,F,2025-02-25 00:00:00.000,2025-02-25 10:36:24.000
205094,P,7,179.94,346954,76850,1,7,F,2025-02-25 00:00:00.000,2025-02-25 09:17:31.000
248858,P,5,79.90,346994,76975,1,7,F,2025-02-25 00:00:00.000,2025-02-25 09:50:59.000
258048,P,5,238.77,347049,77276,1,7,F,2025-02-25 00:00:00.000,2025-02-25 10:28:39.000
206230,P,5,197.77,347049,77277,1,7,F,2025-02-25 00:00:00.000,2025-02-25 10:28:39.000
247445,C,2,40.66,347082,77380,8,101,F,2025-02-25 00:00:00.000,2025-02-25 10:36:17.000
210295,C,7,31.64,347138,77593,8,11,F,2025-02-25 00:00:00.000,2025-02-25 11:04:05.000
254133,C,3,109.78,347007,77040,8,11,F,2025-02-25 00:00:00.000,2025-02-25 09:58:02.000
246814,C,3,156.39,347007,77041,8,11,F,2025-02-25 00:00:00.000,2025-02-25 09:58:02.000
254136,C,3,156.39,347007,77042,8,11,F,2025-02-25 00:00:00.000,2025-02-25 09:58:02.000
156941,C,3,17.94,347008,77043,8,11,F,2025-02-25 00:00:00.000,2025-02-25 09:58:48.000
244684,C,3,32.90,347008,77044,8,11,F,2025-02-25 00:00:00.000,2025-02-25 09:58:48.000
244687,C,3,32.90,347008,77045,8,11,F,2025-02-25 00:00:00.000,2025-02-25 09:58:49.000
252655,C,3,32.95,347010,77050,8,11,F,2025-02-25 00:00:00.000,2025-02-25 10:00:39.000
252091,C,3,32.95,347010,77051,8,11,F,2025-02-25 00:00:00.000,2025-02-25 10:00:39.000
252654,C,3,32.95,347010,77052,8,11,F,2025-02-25 00:00:00.000,2025-02-25 10:00:39.000
225829,C,3,41.78,347010,77053,8,11,F,2025-02-25 00:00:00.000,2025-02-25 10:00:39.000
260396,C,3,41.78,347010,77054,8,11,F,2025-02-25 00:00:00.000,2025-02-25 10:00:39.000
252092,C,3,41.78,347010,77055,8,11,F,2025-02-25 00:00:00.000,2025-02-25 10:00:39.000
225835,C,3,17.12,347010,77056,8,11,F,2025-02-25 00:00:00.000,2025-02-25 10:00:39.000
235914,C,3,17.12,347010,77057,8,11,F,2025-02-25 00:00:00.000,2025-02-25 10:00:40.000
260399,C,3,17.12,347010,77058,8,11,F,2025-02-25 00:00:00.000,2025-02-25 10:00:40.000
252088,C,3,17.12,347010,77059,8,11,F,2025-02-25 00:00:00.000,2025-02-25 10:00:40.000
225833,C,3,17.12,347010,77060,8,11,F,2025-02-25 00:00:00.000,2025-02-25 10:00:40.000
252652,C,3,17.12,347010,77061,8,11,F,2025-02-25 00:00:00.000,2025-02-25 10:00:40.000
222244,C,3,36.00,347024,77157,8,11,F,2025-02-25 00:00:00.000,2025-02-25 10:15:02.000
222251,C,3,47.30,347024,77158,8,11,F,2025-02-25 00:00:00.000,2025-02-25 10:15:02.000
254114,C,3,36.50,347027,77165,8,11,F,2025-02-25 00:00:00.000,2025-02-25 10:16:48.000
258598,C,3,9.10,347027,77166,8,11,F,2025-02-25 00:00:00.000,2025-02-25 10:16:48.000
256475,C,3,9.10,347027,77167,8,11,F,2025-02-25 00:00:00.000,2025-02-25 10:16:48.000
254553,C,3,9.10,347027,77168,8,11,F,2025-02-25 00:00:00.000,2025-02-25 10:16:49.000
254295,C,3,15.98,347027,77169,8,11,F,2025-02-25 00:00:00.000,2025-02-25 10:16:49.000
254296,C,3,15.98,347027,77170,8,11,F,2025-02-25 00:00:00.000,2025-02-25 10:16:49.000
254290,C,3,15.98,347027,77171,8,11,F,2025-02-25 00:00:00.000,2025-02-25 10:16:49.000
254291,C,3,15.98,347027,77172,8,11,F,2025-02-25 00:00:00.000,2025-02-25 10:16:49.000
254292,C,3,15.98,347027,77173,8,11,F,2025-02-25 00:00:00.000,2025-02-25 10:16:49.000
254293,C,3,15.98,347027,77174,8,11,F,2025-02-25 00:00:00.000,2025-02-25 10:16:49.000
254546,C,3,9.10,347027,77175,8,11,F,2025-02-25 00:00:00.000,2025-02-25 10:16:49.000
254547,C,3,9.10,347027,77176,8,11,F,2025-02-25 00:00:00.000,2025-02-25 10:16:49.000
236452,C,3,22.90,347027,77177,8,11,F,2025-02-25 00:00:00.000,2025-02-25 10:16:49.000
236453,C,3,22.90,347027,77178,8,11,F,2025-02-25 00:00:00.000,2025-02-25 10:16:50.000
236451,C,3,22.90,347027,77179,8,11,F,2025-02-25 00:00:00.000,2025-02-25 10:16:50.000
236449,C,3,22.90,347027,77180,8,11,F,2025-02-25 00:00:00.000,2025-02-25 10:16:50.000
236454,C,3,22.90,347027,77181,8,11,F,2025-02-25 00:00:00.000,2025-02-25 10:16:50.000
254551,C,3,9.10,347027,77182,8,11,F,2025-02-25 00:00:00.000,2025-02-25 10:16:50.000
254552,C,3,9.10,347027,77183,8,11,F,2025-02-25 00:00:00.000,2025-02-25 10:16:50.000
254555,C,3,9.10,347027,77184,8,11,F,2025-02-25 00:00:00.000,2025-02-25 10:16:50.000
254557,C,3,9.10,347027,77185,8,11,F,2025-02-25 00:00:00.000,2025-02-25 10:16:50.000
236441,C,3,15.40,347027,77186,8,11,F,2025-02-25 00:00:00.000,2025-02-25 10:16:50.000
236443,C,3,15.40,347027,77187,8,11,F,2025-02-25 00:00:00.000,2025-02-25 10:16:50.000
236440,C,3,15.40,347027,77188,8,11,F,2025-02-25 00:00:00.000,2025-02-25 10:16:51.000
236445,C,3,15.40,347027,77189,8,11,F,2025-02-25 00:00:00.000,2025-02-25 10:16:51.000
261648,C,3,21.30,347028,77190,8,11,F,2025-02-25 00:00:00.000,2025-02-25 10:17:41.000
250109,C,3,14.00,347028,77191,8,11,F,2025-02-25 00:00:00.000,2025-02-25 10:17:41.000
261647,C,3,53.25,347028,77192,8,11,F,2025-02-25 00:00:00.000,2025-02-25 10:17:41.000
250107,C,3,18.11,347028,77193,8,11,F,2025-02-25 00:00:00.000,2025-02-25 10:17:42.000
250089,C,3,7.72,347028,77194,8,11,F,2025-02-25 00:00:00.000,2025-02-25 10:17:42.000
250085,C,3,7.72,347028,77195,8,11,F,2025-02-25 00:00:00.000,2025-02-25 10:17:42.000
236497,C,3,5.25,347029,77196,8,11,F,2025-02-25 00:00:00.000,2025-02-25 10:18:28.000
235911,C,3,41.78,347032,77211,8,11,F,2025-02-25 00:00:00.000,2025-02-25 10:19:51.000
252657,C,3,41.78,347032,77212,8,11,F,2025-02-25 00:00:00.000,2025-02-25 10:19:51.000
252092,C,3,41.78,347032,77213,8,11,F,2025-02-25 00:00:00.000,2025-02-25 10:19:51.000
225826,C,3,41.78,347032,77214,8,11,F,2025-02-25 00:00:00.000,2025-02-25 10:19:51.000
225835,C,3,17.12,347032,77215,8,11,F,2025-02-25 00:00:00.000,2025-02-25 10:19:51.000
235913,C,3,17.12,347032,77216,8,11,F,2025-02-25 00:00:00.000,2025-02-25 10:19:52.000
225832,C,3,17.12,347032,77217,8,11,F,2025-02-25 00:00:00.000,2025-02-25 10:19:52.000
225838,C,3,17.12,347032,77218,8,11,F,2025-02-25 00:00:00.000,2025-02-25 10:19:52.000
252653,C,3,17.12,347032,77219,8,11,F,2025-02-25 00:00:00.000,2025-02-25 10:19:52.000
252088,C,3,17.12,347032,77220,8,11,F,2025-02-25 00:00:00.000,2025-02-25 10:19:52.000
236059,C,3,17.12,347032,77221,8,11,F,2025-02-25 00:00:00.000,2025-02-25 10:19:52.000
16525,C,3,5.49,347033,77222,8,11,F,2025-02-25 00:00:00.000,2025-02-25 10:20:49.000
254763,P,5,1.14,347050,77278,1,12,F,2025-02-25 00:00:00.000,2025-02-25 10:28:46.000
254779,P,5,50.31,347050,77279,1,12,F,2025-02-25 00:00:00.000,2025-02-25 10:28:47.000
254767,P,5,4.39,347050,77280,1,12,F,2025-02-25 00:00:00.000,2025-02-25 10:28:47.000
247965,P,5,17.65,347050,77281,1,12,F,2025-02-25 00:00:00.000,2025-02-25 10:28:48.000
248939,P,5,6.50,347051,77282,1,12,F,2025-02-25 00:00:00.000,2025-02-25 10:28:50.000
249827,P,5,08.05,347052,77283,1,12,F,2025-02-25 00:00:00.000,2025-02-25 10:28:53.000
249829,P,5,08.05,347052,77284,1,12,F,2025-02-25 00:00:00.000,2025-02-25 10:28:53.000
216658,P,5,44.53,347053,77285,1,12,F,2025-02-25 00:00:00.000,2025-02-25 10:28:57.000
259449,P,5,36.15,347053,77286,1,12,F,2025-02-25 00:00:00.000,2025-02-25 10:28:58.000
252011,P,5,36.15,347053,77287,1,12,F,2025-02-25 00:00:00.000,2025-02-25 10:28:58.000
216651,P,5,36.15,347053,77288,1,12,F,2025-02-25 00:00:00.000,2025-02-25 10:28:58.000
216730,P,5,16.98,347053,77289,1,12,F,2025-02-25 00:00:00.000,2025-02-25 10:28:59.000
257902,P,5,16.98,347053,77290,1,12,F,2025-02-25 00:00:00.000,2025-02-25 10:28:59.000
258390,P,5,7.10,347054,77291,1,12,F,2025-02-25 00:00:00.000,2025-02-25 10:29:01.000
253016,P,5,36.17,347055,77292,1,12,F,2025-02-25 00:00:00.000,2025-02-25 10:29:04.000
252938,P,5,7.60,347055,77293,1,12,F,2025-02-25 00:00:00.000,2025-02-25 10:29:04.000
242057,P,5,28.00,347056,77294,1,12,F,2025-02-25 00:00:00.000,2025-02-25 10:29:07.000
234151,P,5,53.70,347057,77295,1,12,F,2025-02-25 00:00:00.000,2025-02-25 10:29:09.000
236497,P,5,5.25,347058,77296,1,12,F,2025-02-25 00:00:00.000,2025-02-25 10:29:12.000
222242,P,5,28.80,347059,77297,1,12,F,2025-02-25 00:00:00.000,2025-02-25 10:29:14.000
229267,P,5,4.25,347060,77298,1,12,F,2025-02-25 00:00:00.000,2025-02-25 10:29:17.000
259459,P,5,83.38,347061,77299,1,12,F,2025-02-25 00:00:00.000,2025-02-25 10:29:19.000
259228,P,5,39.49,347062,77300,1,12,F,2025-02-25 00:00:00.000,2025-02-25 10:29:23.000
259231,P,5,35.99,347062,77301,1,12,F,2025-02-25 00:00:00.000,2025-02-25 10:29:23.000
259233,P,5,47.64,347062,77302,1,12,F,2025-02-25 00:00:00.000,2025-02-25 10:29:23.000
261041,P,5,10.10,347063,77303,1,12,F,2025-02-25 00:00:00.000,2025-02-25 10:29:30.000
261042,P,5,10.10,347063,77304,1,12,F,2025-02-25 00:00:00.000,2025-02-25 10:29:30.000
261039,P,5,18.00,347063,77305,1,12,F,2025-02-25 00:00:00.000,2025-02-25 10:29:30.000
261040,P,5,18.00,347063,77306,1,12,F,2025-02-25 00:00:00.000,2025-02-25 10:29:31.000
238317,P,5,8.20,347063,77307,1,12,F,2025-02-25 00:00:00.000,2025-02-25 10:29:31.000
250109,P,5,14.00,347063,77308,1,12,F,2025-02-25 00:00:00.000,2025-02-25 10:29:32.000
245596,P,5,31.95,347063,77309,1,12,F,2025-02-25 00:00:00.000,2025-02-25 10:29:32.000
249452,C,3,142.78,347212,77831,8,11,F,2025-02-25 00:00:00.000,2025-02-25 11:34:53.000
249447,C,3,124.94,347212,77832,8,11,F,2025-02-25 00:00:00.000,2025-02-25 11:34:53.000
259165,P,1,89.90,346528,77836,1,7,T,2025-02-25 00:00:00.000,2025-02-25 11:36:26.000
187429,P,9,36.65,347214,77833,1,12,F,2025-02-25 00:00:00.000,2025-02-25 11:35:09.000
248396,C,4,107.50,347118,77515,8,11,F,2025-02-25 00:00:00.000,2025-02-25 10:53:09.000
247182,C,4,130.04,347118,77516,8,11,F,2025-02-25 00:00:00.000,2025-02-25 10:53:09.000
246707,C,4,14.55,347118,77517,8,11,F,2025-02-25 00:00:00.000,2025-02-25 10:53:09.000
247445,C,4,40.66,347210,77825,8,11,F,2025-02-25 00:00:00.000,2025-02-25 11:34:44.000
256461,C,3,206.18,347173,77713,8,3,F,2025-02-25 00:00:00.000,2025-02-25 11:22:58.000
254828,C,3,208.50,347182,77734,8,3,F,2025-02-25 00:00:00.000,2025-02-25 11:25:45.000
258544,C,3,151.34,347182,77735,8,3,F,2025-02-25 00:00:00.000,2025-02-25 11:25:46.000
252199,C,3,67.30,347195,77791,8,3,F,2025-02-25 00:00:00.000,2025-02-25 11:30:37.000
252197,C,3,67.30,347195,77792,8,3,F,2025-02-25 00:00:00.000,2025-02-25 11:30:38.000
261263,C,3,26.51,347195,77793,8,3,F,2025-02-25 00:00:00.000,2025-02-25 11:30:38.000
253585,C,3,210.68,347204,77810,8,3,F,2025-02-25 00:00:00.000,2025-02-25 11:33:08.000
253501,C,3,210.68,347213,77834,8,3,F,2025-02-25 00:00:00.000,2025-02-25 11:36:07.000
253585,C,3,210.68,347213,77835,8,3,F,2025-02-25 00:00:00.000,2025-02-25 11:36:08.000
182772,C,2,11.65,347300,78237,8,11,F,2025-02-25 00:00:00.000,2025-02-25 12:10:10.000
175888,C,2,0.20,347300,78238,8,11,F,2025-02-25 00:00:00.000,2025-02-25 12:10:10.000
238526,C,2,4.90,347300,78239,8,11,F,2025-02-25 00:00:00.000,2025-02-25 12:10:10.000
171536,C,2,15.99,347300,78240,8,11,F,2025-02-25 00:00:00.000,2025-02-25 12:10:10.000
176342,C,2,3.76,347300,78241,8,11,F,2025-02-25 00:00:00.000,2025-02-25 12:10:10.000
172330,C,2,9.90,347300,78242,8,11,F,2025-02-25 00:00:00.000,2025-02-25 12:10:10.000
181980,C,2,23.29,347300,78243,8,11,F,2025-02-25 00:00:00.000,2025-02-25 12:10:10.000
176446,C,2,5.51,347300,78244,8,11,F,2025-02-25 00:00:00.000,2025-02-25 12:10:10.000
214691,C,2,4.99,347300,78245,8,11,F,2025-02-25 00:00:00.000,2025-02-25 12:10:10.000
198582,C,2,2.45,347300,78246,8,11,F,2025-02-25 00:00:00.000,2025-02-25 12:10:10.000
230129,C,2,4.18,347342,78368,8,11,F,2025-02-25 00:00:00.000,2025-02-25 12:17:35.000
229381,C,2,14.88,347342,78369,8,11,F,2025-02-25 00:00:00.000,2025-02-25 12:17:35.000
182772,C,2,11.65,347342,78370,8,11,F,2025-02-25 00:00:00.000,2025-02-25 12:17:35.000
172429,C,2,34.56,347342,78371,8,11,F,2025-02-25 00:00:00.000,2025-02-25 12:17:35.000
172433,C,2,23.86,347342,78372,8,11,F,2025-02-25 00:00:00.000,2025-02-25 12:17:35.000
229911,C,2,15.96,347342,78373,8,11,F,2025-02-25 00:00:00.000,2025-02-25 12:17:35.000
235931,C,2,44.00,347342,78374,8,11,F,2025-02-25 00:00:00.000,2025-02-25 12:17:36.000
249722,P,11,59.90,347162,77677,1,7,F,2025-02-25 00:00:00.000,2025-02-25 11:16:53.000
249054,P,9,699.90,347172,77709,1,7,F,2025-02-25 00:00:00.000,2025-02-25 11:21:30.000
238334,P,5,19.16,347063,77310,1,12,F,2025-02-25 00:00:00.000,2025-02-25 10:29:32.000
250099,P,5,06.05,347063,77311,1,12,F,2025-02-25 00:00:00.000,2025-02-25 10:29:33.000
252196,P,5,67.30,347064,77312,1,12,F,2025-02-25 00:00:00.000,2025-02-25 10:29:36.000
257937,P,5,113.03,347064,77313,1,12,F,2025-02-25 00:00:00.000,2025-02-25 10:29:36.000
248477,P,5,12.25,347065,77314,1,12,F,2025-02-25 00:00:00.000,2025-02-25 10:29:39.000
253001,P,5,18.00,347067,77317,1,12,F,2025-02-25 00:00:00.000,2025-02-25 10:29:42.000
253005,P,5,18.00,347067,77318,1,12,F,2025-02-25 00:00:00.000,2025-02-25 10:29:43.000
260840,P,5,24.50,347067,77319,1,12,F,2025-02-25 00:00:00.000,2025-02-25 10:29:43.000
260838,P,5,24.50,347067,77320,1,12,F,2025-02-25 00:00:00.000,2025-02-25 10:29:43.000
252093,P,5,41.78,347068,77321,1,12,F,2025-02-25 00:00:00.000,2025-02-25 10:29:46.000
258483,P,5,35.06,347069,77322,1,12,F,2025-02-25 00:00:00.000,2025-02-25 10:29:49.000
258489,P,5,58.80,347069,77323,1,12,F,2025-02-25 00:00:00.000,2025-02-25 10:29:49.000
258830,P,5,25.00,347070,77324,1,12,F,2025-02-25 00:00:00.000,2025-02-25 10:29:52.000
258829,P,5,39.00,347070,77325,1,12,F,2025-02-25 00:00:00.000,2025-02-25 10:29:52.000
252013,C,2,44.53,346991,77423,8,11,T,2025-02-25 00:00:00.000,2025-02-25 10:42:42.000
248376,C,7,107.09,347138,77594,8,11,F,2025-02-25 00:00:00.000,2025-02-25 11:04:05.000
255434,C,7,3.84,347138,77595,8,11,F,2025-02-25 00:00:00.000,2025-02-25 11:04:05.000
261526,P,6,6.95,347365,78467,1,12,F,2025-02-25 00:00:00.000,2025-02-25 12:23:39.000
261527,P,6,6.95,347365,78468,1,12,F,2025-02-25 00:00:00.000,2025-02-25 12:23:39.000
261528,P,6,6.95,347365,78469,1,12,F,2025-02-25 00:00:00.000,2025-02-25 12:23:39.000
261529,P,6,6.95,347365,78470,1,12,F,2025-02-25 00:00:00.000,2025-02-25 12:23:40.000
237042,P,6,10.14,347368,78472,1,12,F,2025-02-25 00:00:00.000,2025-02-25 12:25:15.000
255090,P,6,6.99,347369,78473,1,12,F,2025-02-25 00:00:00.000,2025-02-25 12:25:28.000
236766,P,6,31.90,347371,78475,1,12,F,2025-02-25 00:00:00.000,2025-02-25 12:25:44.000
236760,P,6,31.90,347371,78476,1,12,F,2025-02-25 00:00:00.000,2025-02-25 12:25:44.000
236768,P,6,31.90,347371,78477,1,12,F,2025-02-25 00:00:00.000,2025-02-25 12:25:45.000
236775,P,6,45.00,347371,78478,1,12,F,2025-02-25 00:00:00.000,2025-02-25 12:25:45.000
236773,P,6,45.00,347371,78479,1,12,F,2025-02-25 00:00:00.000,2025-02-25 12:25:45.000
236774,P,6,45.00,347371,78480,1,12,F,2025-02-25 00:00:00.000,2025-02-25 12:25:45.000
165870,P,6,1.89,347372,78481,1,12,F,2025-02-25 00:00:00.000,2025-02-25 12:26:00.000
236065,P,6,39.88,347373,78482,1,12,F,2025-02-25 00:00:00.000,2025-02-25 12:26:35.000
236064,P,6,33.90,347373,78483,1,12,F,2025-02-25 00:00:00.000,2025-02-25 12:26:35.000
234270,P,6,144.00,347375,78484,1,12,F,2025-02-25 00:00:00.000,2025-02-25 12:26:47.000
234272,P,6,144.00,347375,78485,1,12,F,2025-02-25 00:00:00.000,2025-02-25 12:26:47.000
256463,P,6,133.13,347376,78511,1,12,F,2025-02-25 00:00:00.000,2025-02-25 12:27:02.000
259120,P,6,25.93,347377,78512,1,12,F,2025-02-25 00:00:00.000,2025-02-25 12:27:21.000
259105,P,6,43.78,347377,78513,1,12,F,2025-02-25 00:00:00.000,2025-02-25 12:27:21.000
259104,P,6,43.78,347377,78514,1,12,F,2025-02-25 00:00:00.000,2025-02-25 12:27:22.000
258987,P,6,21.24,347377,78515,1,12,F,2025-02-25 00:00:00.000,2025-02-25 12:27:22.000
258988,P,6,21.24,347377,78516,1,12,F,2025-02-25 00:00:00.000,2025-02-25 12:27:22.000
258989,P,6,21.38,347377,78517,1,12,F,2025-02-25 00:00:00.000,2025-02-25 12:27:22.000
258990,P,6,21.38,347377,78518,1,12,F,2025-02-25 00:00:00.000,2025-02-25 12:27:22.000
259121,P,6,21.60,347377,78519,1,12,F,2025-02-25 00:00:00.000,2025-02-25 12:27:23.000
259106,P,6,130.25,347377,78520,1,12,F,2025-02-25 00:00:00.000,2025-02-25 12:27:23.000
259117,P,6,10.55,347377,78521,1,12,F,2025-02-25 00:00:00.000,2025-02-25 12:27:23.000
258970,P,6,10.84,347377,78522,1,12,F,2025-02-25 00:00:00.000,2025-02-25 12:27:23.000
249824,P,6,68.70,347378,78523,1,12,F,2025-02-25 00:00:00.000,2025-02-25 12:27:46.000
249826,P,6,68.70,347378,78524,1,12,F,2025-02-25 00:00:00.000,2025-02-25 12:27:46.000
222242,P,6,28.80,347278,78101,1,12,F,2025-02-25 00:00:00.000,2025-02-25 12:07:33.000
249930,P,6,13.43,347281,78123,1,12,F,2025-02-25 00:00:00.000,2025-02-25 12:08:05.000
249931,P,6,16.94,347281,78124,1,12,F,2025-02-25 00:00:00.000,2025-02-25 12:08:06.000
249925,P,6,6.39,347281,78125,1,12,F,2025-02-25 00:00:00.000,2025-02-25 12:08:06.000
249928,P,6,10.37,347281,78126,1,12,F,2025-02-25 00:00:00.000,2025-02-25 12:08:06.000
261491,P,6,13.98,347285,78135,1,12,F,2025-02-25 00:00:00.000,2025-02-25 12:08:29.000
261492,P,6,13.98,347285,78136,1,12,F,2025-02-25 00:00:00.000,2025-02-25 12:08:29.000
261489,P,6,12.88,347285,78137,1,12,F,2025-02-25 00:00:00.000,2025-02-25 12:08:30.000
261488,P,6,12.88,347285,78138,1,12,F,2025-02-25 00:00:00.000,2025-02-25 12:08:30.000
261490,P,6,12.88,347285,78139,1,12,F,2025-02-25 00:00:00.000,2025-02-25 12:08:30.000
219759,P,6,6.16,347289,78184,1,12,F,2025-02-25 00:00:00.000,2025-02-25 12:08:50.000
260151,P,6,91.10,347292,78203,1,12,F,2025-02-25 00:00:00.000,2025-02-25 12:09:15.000
234261,P,6,107.50,347293,78204,1,12,F,2025-02-25 00:00:00.000,2025-02-25 12:09:35.000
234264,P,6,107.50,347293,78205,1,12,F,2025-02-25 00:00:00.000,2025-02-25 12:09:35.000
234263,P,6,107.50,347293,78206,1,12,F,2025-02-25 00:00:00.000,2025-02-25 12:09:35.000
234269,P,6,144.00,347302,78247,1,12,F,2025-02-25 00:00:00.000,2025-02-25 12:10:20.000
234272,P,6,144.00,347302,78248,1,12,F,2025-02-25 00:00:00.000,2025-02-25 12:10:20.000
236065,P,6,39.88,347304,78250,1,12,F,2025-02-25 00:00:00.000,2025-02-25 12:10:43.000
236066,P,6,46.40,347304,78251,1,12,F,2025-02-25 00:00:00.000,2025-02-25 12:10:43.000
250498,P,6,80.46,347306,78253,1,12,F,2025-02-25 00:00:00.000,2025-02-25 12:11:00.000
261337,P,6,24.50,347309,78263,1,12,F,2025-02-25 00:00:00.000,2025-02-25 12:11:43.000
245982,P,6,35.66,347312,78268,1,12,F,2025-02-25 00:00:00.000,2025-02-25 12:12:19.000
249827,P,6,08.05,347317,78297,1,12,F,2025-02-25 00:00:00.000,2025-02-25 12:13:59.000
249829,P,6,08.05,347317,78298,1,12,F,2025-02-25 00:00:00.000,2025-02-25 12:13:59.000
249828,P,6,08.05,347321,78300,1,12,F,2025-02-25 00:00:00.000,2025-02-25 12:14:21.000
249827,P,6,08.05,347321,78301,1,12,F,2025-02-25 00:00:00.000,2025-02-25 12:14:22.000
249829,P,6,08.05,347321,78302,1,12,F,2025-02-25 00:00:00.000,2025-02-25 12:14:22.000
234253,P,6,98.11,347323,78329,1,12,F,2025-02-25 00:00:00.000,2025-02-25 12:14:45.000
247182,P,6,130.04,347327,78338,1,12,F,2025-02-25 00:00:00.000,2025-02-25 12:15:15.000
261687,P,6,37.02,347330,78342,1,12,F,2025-02-25 00:00:00.000,2025-02-25 12:15:50.000
261686,P,6,37.02,347330,78343,1,12,F,2025-02-25 00:00:00.000,2025-02-25 12:15:50.000
261689,P,6,37.02,347330,78344,1,12,F,2025-02-25 00:00:00.000,2025-02-25 12:15:50.000
261688,P,6,37.02,347330,78345,1,12,F,2025-02-25 00:00:00.000,2025-02-25 12:15:50.000
261690,P,6,14.39,347330,78346,1,12,F,2025-02-25 00:00:00.000,2025-02-25 12:15:50.000
261693,P,6,14.39,347330,78347,1,12,F,2025-02-25 00:00:00.000,2025-02-25 12:15:51.000
261692,P,6,14.39,347330,78348,1,12,F,2025-02-25 00:00:00.000,2025-02-25 12:15:51.000
261691,P,6,14.39,347330,78349,1,12,F,2025-02-25 00:00:00.000,2025-02-25 12:15:51.000
236497,P,6,5.25,347332,78351,1,12,F,2025-02-25 00:00:00.000,2025-02-25 12:16:12.000
258700,P,6,22.84,347334,78355,1,12,F,2025-02-25 00:00:00.000,2025-02-25 12:16:36.000
234343,P,6,8.52,347339,78363,1,12,F,2025-02-25 00:00:00.000,2025-02-25 12:16:55.000
234148,P,6,28.80,347339,78364,1,12,F,2025-02-25 00:00:00.000,2025-02-25 12:16:55.000
234151,P,6,53.70,347340,78366,1,12,F,2025-02-25 00:00:00.000,2025-02-25 12:17:09.000
222244,P,6,36.00,347341,78367,1,12,F,2025-02-25 00:00:00.000,2025-02-25 12:17:21.000
242057,P,6,28.00,347347,78384,1,12,F,2025-02-25 00:00:00.000,2025-02-25 12:18:32.000
250506,P,6,68.62,347350,78396,1,12,F,2025-02-25 00:00:00.000,2025-02-25 12:19:18.000
260148,P,6,68.62,347350,78397,1,12,F,2025-02-25 00:00:00.000,2025-02-25 12:19:18.000
258390,P,6,7.10,347351,78398,1,12,F,2025-02-25 00:00:00.000,2025-02-25 12:19:36.000
253601,P,6,34.56,347352,78399,1,12,F,2025-02-25 00:00:00.000,2025-02-25 12:19:54.000
232658,P,6,34.56,347352,78400,1,12,F,2025-02-25 00:00:00.000,2025-02-25 12:19:54.000
254616,P,6,34.56,347352,78401,1,12,F,2025-02-25 00:00:00.000,2025-02-25 12:19:54.000
184551,P,6,34.56,347352,78402,1,12,F,2025-02-25 00:00:00.000,2025-02-25 12:19:54.000
184550,P,6,34.56,347352,78403,1,12,F,2025-02-25 00:00:00.000,2025-02-25 12:19:54.000
184554,P,6,34.56,347352,78404,1,12,F,2025-02-25 00:00:00.000,2025-02-25 12:19:55.000
260978,P,6,215.14,347354,78409,1,12,F,2025-02-25 00:00:00.000,2025-02-25 12:21:05.000
260975,P,6,215.14,347354,78410,1,12,F,2025-02-25 00:00:00.000,2025-02-25 12:21:06.000
260977,P,6,215.14,347354,78411,1,12,F,2025-02-25 00:00:00.000,2025-02-25 12:21:06.000
260976,P,6,215.14,347354,78412,1,12,F,2025-02-25 00:00:00.000,2025-02-25 12:21:06.000
260990,P,6,246.14,347354,78413,1,12,F,2025-02-25 00:00:00.000,2025-02-25 12:21:06.000
260991,P,6,246.14,347354,78414,1,12,F,2025-02-25 00:00:00.000,2025-02-25 12:21:06.000
260989,P,6,246.14,347354,78415,1,12,F,2025-02-25 00:00:00.000,2025-02-25 12:21:07.000
260994,P,6,287.86,347354,78416,1,12,F,2025-02-25 00:00:00.000,2025-02-25 12:21:07.000
260984,P,6,164.30,347354,78417,1,12,F,2025-02-25 00:00:00.000,2025-02-25 12:21:07.000
260982,P,6,164.30,347354,78418,1,12,F,2025-02-25 00:00:00.000,2025-02-25 12:21:07.000
260983,P,6,164.30,347354,78419,1,12,F,2025-02-25 00:00:00.000,2025-02-25 12:21:07.000
260992,P,6,187.86,347354,78420,1,12,F,2025-02-25 00:00:00.000,2025-02-25 12:21:08.000
260993,P,6,187.86,347354,78421,1,12,F,2025-02-25 00:00:00.000,2025-02-25 12:21:08.000
260979,P,6,173.60,347354,78422,1,12,F,2025-02-25 00:00:00.000,2025-02-25 12:21:08.000
260980,P,6,173.60,347354,78423,1,12,F,2025-02-25 00:00:00.000,2025-02-25 12:21:08.000
260981,P,6,173.60,347354,78424,1,12,F,2025-02-25 00:00:00.000,2025-02-25 12:21:08.000
260985,P,6,198.40,347354,78425,1,12,F,2025-02-25 00:00:00.000,2025-02-25 12:21:09.000
260986,P,6,198.40,347354,78426,1,12,F,2025-02-25 00:00:00.000,2025-02-25 12:21:09.000
260987,P,6,198.40,347354,78427,1,12,F,2025-02-25 00:00:00.000,2025-02-25 12:21:09.000
260996,P,6,228.16,347354,78428,1,12,F,2025-02-25 00:00:00.000,2025-02-25 12:21:09.000
260997,P,6,228.16,347354,78429,1,12,F,2025-02-25 00:00:00.000,2025-02-25 12:21:10.000
260998,P,6,151.90,347354,78430,1,12,F,2025-02-25 00:00:00.000,2025-02-25 12:21:10.000
260999,P,6,151.90,347354,78431,1,12,F,2025-02-25 00:00:00.000,2025-02-25 12:21:10.000
261001,P,6,173.60,347354,78432,1,12,F,2025-02-25 00:00:00.000,2025-02-25 12:21:10.000
261000,P,6,173.60,347354,78433,1,12,F,2025-02-25 00:00:00.000,2025-02-25 12:21:10.000
258598,P,6,9.10,347356,78438,1,12,F,2025-02-25 00:00:00.000,2025-02-25 12:21:37.000
256475,P,6,9.10,347356,78439,1,12,F,2025-02-25 00:00:00.000,2025-02-25 12:21:37.000
254290,P,6,15.98,347356,78440,1,12,F,2025-02-25 00:00:00.000,2025-02-25 12:21:37.000
254546,P,6,9.10,347356,78441,1,12,F,2025-02-25 00:00:00.000,2025-02-25 12:21:37.000
254547,P,6,9.10,347356,78442,1,12,F,2025-02-25 00:00:00.000,2025-02-25 12:21:37.000
236452,P,6,22.90,347356,78443,1,12,F,2025-02-25 00:00:00.000,2025-02-25 12:21:37.000
236451,P,6,22.90,347356,78444,1,12,F,2025-02-25 00:00:00.000,2025-02-25 12:21:38.000
236449,P,6,22.90,347356,78445,1,12,F,2025-02-25 00:00:00.000,2025-02-25 12:21:38.000
236454,P,6,22.90,347356,78446,1,12,F,2025-02-25 00:00:00.000,2025-02-25 12:21:38.000
254551,P,6,9.10,347356,78447,1,12,F,2025-02-25 00:00:00.000,2025-02-25 12:21:38.000
254555,P,6,9.10,347356,78448,1,12,F,2025-02-25 00:00:00.000,2025-02-25 12:21:38.000
254557,P,6,9.10,347356,78449,1,12,F,2025-02-25 00:00:00.000,2025-02-25 12:21:38.000
236443,P,6,15.40,347356,78450,1,12,F,2025-02-25 00:00:00.000,2025-02-25 12:21:39.000
259653,P,6,64.29,347358,78453,1,12,F,2025-02-25 00:00:00.000,2025-02-25 12:21:54.000
258137,P,6,191.95,347359,78454,1,12,F,2025-02-25 00:00:00.000,2025-02-25 12:22:11.000
253016,P,6,36.17,347362,78459,1,12,F,2025-02-25 00:00:00.000,2025-02-25 12:22:39.000
252938,P,6,7.60,347362,78460,1,12,F,2025-02-25 00:00:00.000,2025-02-25 12:22:39.000
261525,P,6,6.95,347365,78463,1,12,F,2025-02-25 00:00:00.000,2025-02-25 12:23:38.000
247135,C,3,34.13,347181,77730,8,11,F,2025-02-25 00:00:00.000,2025-02-25 11:24:24.000
247137,C,3,31.05,347181,77731,8,11,F,2025-02-25 00:00:00.000,2025-02-25 11:24:24.000
247129,C,3,11.54,347181,77732,8,11,F,2025-02-25 00:00:00.000,2025-02-25 11:24:25.000
236261,C,3,5.76,347184,77736,8,11,F,2025-02-25 00:00:00.000,2025-02-25 11:25:54.000
236263,C,3,5.76,347184,77737,8,11,F,2025-02-25 00:00:00.000,2025-02-25 11:25:55.000
236264,C,3,5.41,347184,77738,8,11,F,2025-02-25 00:00:00.000,2025-02-25 11:25:55.000
236262,C,3,5.76,347184,77739,8,11,F,2025-02-25 00:00:00.000,2025-02-25 11:25:55.000
257331,C,3,139.93,347187,77746,8,11,F,2025-02-25 00:00:00.000,2025-02-25 11:26:37.000
170173,C,3,139.93,347191,77750,8,11,F,2025-02-25 00:00:00.000,2025-02-25 11:27:21.000
255148,C,3,139.93,347191,77751,8,11,F,2025-02-25 00:00:00.000,2025-02-25 11:27:21.000
261478,C,3,248.67,347194,77764,8,11,F,2025-02-25 00:00:00.000,2025-02-25 11:28:20.000
261477,C,3,248.67,347194,77765,8,11,F,2025-02-25 00:00:00.000,2025-02-25 11:28:20.000
261476,C,3,13.55,347194,77766,8,11,F,2025-02-25 00:00:00.000,2025-02-25 11:28:20.000
261475,C,3,13.55,347194,77767,8,11,F,2025-02-25 00:00:00.000,2025-02-25 11:28:20.000
261474,C,3,16.36,347194,77768,8,11,F,2025-02-25 00:00:00.000,2025-02-25 11:28:21.000
261473,C,3,16.36,347194,77769,8,11,F,2025-02-25 00:00:00.000,2025-02-25 11:28:21.000
261472,C,3,12.25,347194,77770,8,11,F,2025-02-25 00:00:00.000,2025-02-25 11:28:21.000
261471,C,3,12.25,347194,77771,8,11,F,2025-02-25 00:00:00.000,2025-02-25 11:28:21.000
261470,C,3,17.16,347194,77772,8,11,F,2025-02-25 00:00:00.000,2025-02-25 11:28:21.000
261469,C,3,17.16,347194,77773,8,11,F,2025-02-25 00:00:00.000,2025-02-25 11:28:21.000
250507,C,3,68.62,347199,77788,8,11,F,2025-02-25 00:00:00.000,2025-02-25 11:30:25.000
250504,C,3,91.10,347199,77789,8,11,F,2025-02-25 00:00:00.000,2025-02-25 11:30:25.000
250498,C,3,80.46,347199,77790,8,11,F,2025-02-25 00:00:00.000,2025-02-25 11:30:26.000
258614,C,3,11.33,347201,77796,8,11,F,2025-02-25 00:00:00.000,2025-02-25 11:31:22.000
261381,C,3,68.70,347206,77804,8,11,F,2025-02-25 00:00:00.000,2025-02-25 11:32:53.000
261382,C,3,68.70,347206,77805,8,11,F,2025-02-25 00:00:00.000,2025-02-25 11:32:53.000
261384,C,3,37.80,347206,77806,8,11,F,2025-02-25 00:00:00.000,2025-02-25 11:32:53.000
261383,C,3,37.80,347206,77807,8,11,F,2025-02-25 00:00:00.000,2025-02-25 11:32:53.000
261385,C,3,37.80,347206,77808,8,11,F,2025-02-25 00:00:00.000,2025-02-25 11:32:53.000
261386,C,3,37.80,347206,77809,8,11,F,2025-02-25 00:00:00.000,2025-02-25 11:32:53.000
243310,C,3,07.02,347208,77813,8,11,F,2025-02-25 00:00:00.000,2025-02-25 11:33:55.000
243331,C,3,29.22,347208,77814,8,11,F,2025-02-25 00:00:00.000,2025-02-25 11:33:56.000
243328,C,3,29.22,347208,77815,8,11,F,2025-02-25 00:00:00.000,2025-02-25 11:33:56.000
243326,C,3,29.22,347208,77816,8,11,F,2025-02-25 00:00:00.000,2025-02-25 11:33:56.000
243337,C,3,23.84,347208,77817,8,11,F,2025-02-25 00:00:00.000,2025-02-25 11:33:56.000
243335,C,3,23.84,347208,77818,8,11,F,2025-02-25 00:00:00.000,2025-02-25 11:33:56.000
254930,C,3,75.95,347212,77829,8,11,F,2025-02-25 00:00:00.000,2025-02-25 11:34:53.000
249442,C,3,103.73,347212,77830,8,11,F,2025-02-25 00:00:00.000,2025-02-25 11:34:53.000
258137,C,3,191.95,347244,77962,8,11,F,2025-02-25 00:00:00.000,2025-02-25 11:52:56.000
261491,C,3,13.98,347247,77965,8,11,F,2025-02-25 00:00:00.000,2025-02-25 11:54:09.000
261492,C,3,13.98,347247,77966,8,11,F,2025-02-25 00:00:00.000,2025-02-25 11:54:09.000
261489,C,3,12.88,347247,77967,8,11,F,2025-02-25 00:00:00.000,2025-02-25 11:54:09.000
261488,C,3,12.88,347247,77968,8,11,F,2025-02-25 00:00:00.000,2025-02-25 11:54:10.000
261490,C,3,12.88,347247,77969,8,11,F,2025-02-25 00:00:00.000,2025-02-25 11:54:10.000
242057,C,3,28.00,347249,77971,8,11,F,2025-02-25 00:00:00.000,2025-02-25 11:55:18.000
225822,C,3,32.95,347254,78002,8,11,F,2025-02-25 00:00:00.000,2025-02-25 11:58:59.000
225818,C,3,32.95,347254,78003,8,11,F,2025-02-25 00:00:00.000,2025-02-25 11:58:59.000
252655,C,3,32.95,347254,78004,8,11,F,2025-02-25 00:00:00.000,2025-02-25 11:58:59.000
252091,C,3,32.95,347254,78005,8,11,F,2025-02-25 00:00:00.000,2025-02-25 11:58:59.000
225823,C,3,32.95,347254,78006,8,11,F,2025-02-25 00:00:00.000,2025-02-25 11:58:59.000
225829,C,3,41.78,347254,78007,8,11,F,2025-02-25 00:00:00.000,2025-02-25 11:58:59.000
225827,C,3,41.78,347254,78008,8,11,F,2025-02-25 00:00:00.000,2025-02-25 11:58:59.000
235911,C,3,41.78,347254,78009,8,11,F,2025-02-25 00:00:00.000,2025-02-25 11:58:59.000
252657,C,3,41.78,347254,78010,8,11,F,2025-02-25 00:00:00.000,2025-02-25 11:58:59.000
252092,C,3,41.78,347254,78011,8,11,F,2025-02-25 00:00:00.000,2025-02-25 11:58:59.000
225826,C,3,41.78,347254,78012,8,11,F,2025-02-25 00:00:00.000,2025-02-25 11:59:00.000
225835,C,3,17.12,347254,78013,8,11,F,2025-02-25 00:00:00.000,2025-02-25 11:59:00.000
235913,C,3,17.12,347254,78014,8,11,F,2025-02-25 00:00:00.000,2025-02-25 11:59:00.000
225832,C,3,17.12,347254,78015,8,11,F,2025-02-25 00:00:00.000,2025-02-25 11:59:00.000
225838,C,3,17.12,347254,78016,8,11,F,2025-02-25 00:00:00.000,2025-02-25 11:59:00.000
252653,C,3,17.12,347254,78017,8,11,F,2025-02-25 00:00:00.000,2025-02-25 11:59:00.000
252088,C,3,17.12,347254,78018,8,11,F,2025-02-25 00:00:00.000,2025-02-25 11:59:00.000
236059,C,3,17.12,347254,78019,8,11,F,2025-02-25 00:00:00.000,2025-02-25 11:59:00.000
236497,C,3,5.25,347255,78020,8,11,F,2025-02-25 00:00:00.000,2025-02-25 11:59:40.000
222242,C,3,28.80,347257,78023,8,11,F,2025-02-25 00:00:00.000,2025-02-25 12:00:17.000
222244,C,3,36.00,347259,78024,8,11,F,2025-02-25 00:00:00.000,2025-02-25 12:01:03.000
234151,C,3,53.70,347259,78025,8,11,F,2025-02-25 00:00:00.000,2025-02-25 12:01:03.000
222251,C,3,47.30,347260,78026,8,11,F,2025-02-25 00:00:00.000,2025-02-25 12:01:38.000
209977,C,3,29.44,347265,78049,8,11,F,2025-02-25 00:00:00.000,2025-02-25 12:03:08.000
259341,C,3,29.44,347265,78050,8,11,F,2025-02-25 00:00:00.000,2025-02-25 12:03:08.000
210018,C,3,14.37,347265,78051,8,11,F,2025-02-25 00:00:00.000,2025-02-25 12:03:08.000
236610,C,3,14.37,347265,78052,8,11,F,2025-02-25 00:00:00.000,2025-02-25 12:03:08.000
259342,C,3,14.37,347265,78053,8,11,F,2025-02-25 00:00:00.000,2025-02-25 12:03:08.000
235909,C,3,32.95,347267,78069,8,11,F,2025-02-25 00:00:00.000,2025-02-25 12:05:19.000
252091,C,3,32.95,347267,78070,8,11,F,2025-02-25 00:00:00.000,2025-02-25 12:05:19.000
225835,C,3,17.12,347267,78071,8,11,F,2025-02-25 00:00:00.000,2025-02-25 12:05:19.000
252653,C,3,17.12,347267,78072,8,11,F,2025-02-25 00:00:00.000,2025-02-25 12:05:19.000
252089,C,3,17.12,347267,78073,8,11,F,2025-02-25 00:00:00.000,2025-02-25 12:05:19.000
252088,C,3,17.12,347267,78074,8,11,F,2025-02-25 00:00:00.000,2025-02-25 12:05:19.000
254133,C,3,109.78,347271,78083,8,11,F,2025-02-25 00:00:00.000,2025-02-25 12:06:04.000
246814,C,3,156.39,347271,78084,8,11,F,2025-02-25 00:00:00.000,2025-02-25 12:06:04.000
254136,C,3,156.39,347271,78085,8,11,F,2025-02-25 00:00:00.000,2025-02-25 12:06:05.000
261522,P,6,6.95,347365,78464,1,12,F,2025-02-25 00:00:00.000,2025-02-25 12:23:38.000
261523,P,6,6.95,347365,78465,1,12,F,2025-02-25 00:00:00.000,2025-02-25 12:23:38.000
261524,P,6,6.95,347365,78466,1,12,F,2025-02-25 00:00:00.000,2025-02-25 12:23:39.000
249816,P,6,37.80,347378,78525,1,12,F,2025-02-25 00:00:00.000,2025-02-25 12:27:46.000
258759,P,6,37.37,347380,78541,1,12,F,2025-02-25 00:00:00.000,2025-02-25 12:28:20.000
252498,P,6,17.67,347380,78542,1,12,F,2025-02-25 00:00:00.000,2025-02-25 12:28:20.000
252499,P,6,17.67,347380,78543,1,12,F,2025-02-25 00:00:00.000,2025-02-25 12:28:20.000
252497,P,6,17.67,347380,78544,1,12,F,2025-02-25 00:00:00.000,2025-02-25 12:28:20.000
254605,P,6,16.76,347380,78545,1,12,F,2025-02-25 00:00:00.000,2025-02-25 12:28:20.000
178483,P,6,16.76,347380,78546,1,12,F,2025-02-25 00:00:00.000,2025-02-25 12:28:20.000
249828,P,6,08.05,347381,78547,1,12,F,2025-02-25 00:00:00.000,2025-02-25 12:28:34.000
249829,P,6,08.05,347381,78548,1,12,F,2025-02-25 00:00:00.000,2025-02-25 12:28:34.000
249386,P,6,23.16,347382,78549,1,12,F,2025-02-25 00:00:00.000,2025-02-25 12:28:49.000
247058,P,6,43.11,347382,78550,1,12,F,2025-02-25 00:00:00.000,2025-02-25 12:28:49.000
249384,P,6,13.33,347382,78551,1,12,F,2025-02-25 00:00:00.000,2025-02-25 12:28:49.000
249237,P,6,8.33,347382,78552,1,12,F,2025-02-25 00:00:00.000,2025-02-25 12:28:49.000
261284,P,6,7.50,347383,78553,1,12,F,2025-02-25 00:00:00.000,2025-02-25 12:29:03.000
254133,P,6,109.78,347385,78557,1,12,F,2025-02-25 00:00:00.000,2025-02-25 12:29:18.000
246814,P,6,156.39,347385,78558,1,12,F,2025-02-25 00:00:00.000,2025-02-25 12:29:18.000
254136,P,6,156.39,347385,78559,1,12,F,2025-02-25 00:00:00.000,2025-02-25 12:29:18.000
156941,P,6,17.94,347386,78560,1,12,F,2025-02-25 00:00:00.000,2025-02-25 12:29:32.000
244684,P,6,32.90,347386,78561,1,12,F,2025-02-25 00:00:00.000,2025-02-25 12:29:32.000
244687,P,6,32.90,347386,78562,1,12,F,2025-02-25 00:00:00.000,2025-02-25 12:29:32.000
252655,P,6,32.95,347389,78568,1,12,F,2025-02-25 00:00:00.000,2025-02-25 12:30:03.000
252091,P,6,32.95,347389,78569,1,12,F,2025-02-25 00:00:00.000,2025-02-25 12:30:03.000
252654,P,6,32.95,347389,78570,1,12,F,2025-02-25 00:00:00.000,2025-02-25 12:30:03.000
225829,P,6,41.78,347389,78571,1,12,F,2025-02-25 00:00:00.000,2025-02-25 12:30:03.000
260396,P,6,41.78,347389,78572,1,12,F,2025-02-25 00:00:00.000,2025-02-25 12:30:03.000
252092,P,6,41.78,347389,78573,1,12,F,2025-02-25 00:00:00.000,2025-02-25 12:30:04.000
225835,P,6,17.12,347389,78574,1,12,F,2025-02-25 00:00:00.000,2025-02-25 12:30:04.000
235914,P,6,17.12,347389,78575,1,12,F,2025-02-25 00:00:00.000,2025-02-25 12:30:04.000
260399,P,6,17.12,347389,78576,1,12,F,2025-02-25 00:00:00.000,2025-02-25 12:30:04.000
252088,P,6,17.12,347389,78577,1,12,F,2025-02-25 00:00:00.000,2025-02-25 12:30:04.000
225833,P,6,17.12,347389,78578,1,12,F,2025-02-25 00:00:00.000,2025-02-25 12:30:04.000
252652,P,6,17.12,347389,78579,1,12,F,2025-02-25 00:00:00.000,2025-02-25 12:30:05.000
187429,C,3,36.65,347202,77797,8,11,F,2025-02-25 00:00:00.000,2025-02-25 11:31:38.000
257332,C,3,135.73,347270,78079,8,11,F,2025-02-25 00:00:00.000,2025-02-25 12:05:54.000
188829,C,3,135.73,347270,78080,8,11,F,2025-02-25 00:00:00.000,2025-02-25 12:05:54.000
255148,C,3,139.93,347270,78081,8,11,F,2025-02-25 00:00:00.000,2025-02-25 12:05:54.000
256463,C,3,133.13,347270,78082,8,11,F,2025-02-25 00:00:00.000,2025-02-25 12:05:54.000
254930,C,3,75.95,347274,78087,8,11,F,2025-02-25 00:00:00.000,2025-02-25 12:06:48.000
249442,C,3,103.73,347274,78088,8,11,F,2025-02-25 00:00:00.000,2025-02-25 12:06:48.000
254934,C,3,87.44,347274,78089,8,11,F,2025-02-25 00:00:00.000,2025-02-25 12:06:49.000
261509,C,3,10.84,347279,78117,8,11,F,2025-02-25 00:00:00.000,2025-02-25 12:07:43.000
261510,C,3,10.84,347279,78118,8,11,F,2025-02-25 00:00:00.000,2025-02-25 12:07:43.000
261508,C,3,10.84,347279,78119,8,11,F,2025-02-25 00:00:00.000,2025-02-25 12:07:43.000
261507,C,3,10.84,347279,78120,8,11,F,2025-02-25 00:00:00.000,2025-02-25 12:07:43.000
261511,C,3,11.19,347279,78121,8,11,F,2025-02-25 00:00:00.000,2025-02-25 12:07:43.000
259331,C,3,17.49,347283,78132,8,11,F,2025-02-25 00:00:00.000,2025-02-25 12:08:19.000
259334,C,3,17.49,347283,78133,8,11,F,2025-02-25 00:00:00.000,2025-02-25 12:08:19.000
259332,C,3,17.49,347283,78134,8,11,F,2025-02-25 00:00:00.000,2025-02-25 12:08:20.000
261648,C,3,21.30,347291,78197,8,11,F,2025-02-25 00:00:00.000,2025-02-25 12:09:07.000
250109,C,3,18.75,347291,78198,8,11,F,2025-02-25 00:00:00.000,2025-02-25 12:09:08.000
261647,C,3,53.25,347291,78199,8,11,F,2025-02-25 00:00:00.000,2025-02-25 12:09:08.000
250107,C,3,18.11,347291,78200,8,11,F,2025-02-25 00:00:00.000,2025-02-25 12:09:08.000
250089,C,3,7.72,347291,78201,8,11,F,2025-02-25 00:00:00.000,2025-02-25 12:09:08.000
250085,C,3,7.72,347291,78202,8,11,F,2025-02-25 00:00:00.000,2025-02-25 12:09:08.000
244684,C,3,32.90,347298,78228,8,11,F,2025-02-25 00:00:00.000,2025-02-25 12:09:59.000
244683,C,3,32.90,347298,78229,8,11,F,2025-02-25 00:00:00.000,2025-02-25 12:09:59.000
244688,C,3,32.90,347298,78230,8,11,F,2025-02-25 00:00:00.000,2025-02-25 12:09:59.000
244687,C,3,32.90,347298,78231,8,11,F,2025-02-25 00:00:00.000,2025-02-25 12:09:59.000
253850,C,3,32.90,347298,78232,8,11,F,2025-02-25 00:00:00.000,2025-02-25 12:09:59.000
253853,C,3,32.90,347298,78233,8,11,F,2025-02-25 00:00:00.000,2025-02-25 12:10:00.000
222244,C,3,36.00,347310,78264,8,11,F,2025-02-25 00:00:00.000,2025-02-25 12:11:59.000
222252,C,3,53.70,347310,78265,8,11,F,2025-02-25 00:00:00.000,2025-02-25 12:11:59.000
222255,C,3,53.70,347310,78266,8,11,F,2025-02-25 00:00:00.000,2025-02-25 12:11:59.000
234151,C,3,53.70,347310,78267,8,11,F,2025-02-25 00:00:00.000,2025-02-25 12:12:00.000
261478,C,3,248.67,347319,78303,8,11,F,2025-02-25 00:00:00.000,2025-02-25 12:14:22.000
261477,C,3,248.67,347319,78305,8,11,F,2025-02-25 00:00:00.000,2025-02-25 12:14:22.000
261476,C,3,13.55,347319,78306,8,11,F,2025-02-25 00:00:00.000,2025-02-25 12:14:22.000
261475,C,3,13.55,347319,78307,8,11,F,2025-02-25 00:00:00.000,2025-02-25 12:14:22.000
261474,C,3,16.36,347319,78308,8,11,F,2025-02-25 00:00:00.000,2025-02-25 12:14:22.000
261473,C,3,16.36,347319,78309,8,11,F,2025-02-25 00:00:00.000,2025-02-25 12:14:22.000
261472,C,3,12.25,347319,78310,8,11,F,2025-02-25 00:00:00.000,2025-02-25 12:14:23.000
261471,C,3,12.25,347319,78311,8,11,F,2025-02-25 00:00:00.000,2025-02-25 12:14:23.000
261470,C,3,17.16,347319,78312,8,11,F,2025-02-25 00:00:00.000,2025-02-25 12:14:23.000
261469,C,3,17.16,347319,78313,8,11,F,2025-02-25 00:00:00.000,2025-02-25 12:14:23.000
249828,C,3,08.05,347324,78330,8,11,F,2025-02-25 00:00:00.000,2025-02-25 12:14:57.000
249829,C,3,08.05,347324,78331,8,11,F,2025-02-25 00:00:00.000,2025-02-25 12:14:57.000
247058,C,3,43.11,347328,78339,8,11,F,2025-02-25 00:00:00.000,2025-02-25 12:15:37.000
249828,C,3,08.05,347333,78352,8,11,F,2025-02-25 00:00:00.000,2025-02-25 12:16:20.000
249827,C,3,08.05,347333,78353,8,11,F,2025-02-25 00:00:00.000,2025-02-25 12:16:20.000
249829,C,3,08.05,347333,78354,8,11,F,2025-02-25 00:00:00.000,2025-02-25 12:16:20.000
234267,C,3,123.90,347042,77237,8,11,F,2025-02-25 00:00:00.000,2025-02-25 10:24:38.000
56080,C,3,24.74,347045,77249,8,11,F,2025-02-25 00:00:00.000,2025-02-25 10:25:28.000
245682,C,3,19.60,347045,77250,8,11,F,2025-02-25 00:00:00.000,2025-02-25 10:25:28.000
232746,C,3,43.74,347045,77251,8,11,F,2025-02-25 00:00:00.000,2025-02-25 10:25:28.000
259269,C,3,76.84,347045,77252,8,11,F,2025-02-25 00:00:00.000,2025-02-25 10:25:29.000
247133,C,3,69.95,347045,77253,8,11,F,2025-02-25 00:00:00.000,2025-02-25 10:25:29.000
232781,C,3,18.44,347045,77254,8,11,F,2025-02-25 00:00:00.000,2025-02-25 10:25:29.000
232787,C,3,73.26,347045,77255,8,11,F,2025-02-25 00:00:00.000,2025-02-25 10:25:29.000
232788,C,3,13.95,347045,77256,8,11,F,2025-02-25 00:00:00.000,2025-02-25 10:25:29.000
242968,C,3,73.26,347045,77257,8,11,F,2025-02-25 00:00:00.000,2025-02-25 10:25:29.000
245669,C,3,9.88,347046,77258,8,11,F,2025-02-25 00:00:00.000,2025-02-25 10:26:16.000
245699,C,3,10.61,347046,77259,8,11,F,2025-02-25 00:00:00.000,2025-02-25 10:26:16.000
232710,C,3,9.90,347046,77260,8,11,F,2025-02-25 00:00:00.000,2025-02-25 10:26:16.000
242932,C,3,16.63,347046,77261,8,11,F,2025-02-25 00:00:00.000,2025-02-25 10:26:16.000
169045,C,3,12.10,347046,77262,8,11,F,2025-02-25 00:00:00.000,2025-02-25 10:26:16.000
242967,C,3,18.44,347046,77263,8,11,F,2025-02-25 00:00:00.000,2025-02-25 10:26:16.000
253106,C,3,220.74,347048,77270,8,11,F,2025-02-25 00:00:00.000,2025-02-25 10:27:36.000
253113,C,3,268.06,347048,77271,8,11,F,2025-02-25 00:00:00.000,2025-02-25 10:27:36.000
261247,C,3,268.06,347048,77272,8,11,F,2025-02-25 00:00:00.000,2025-02-25 10:27:36.000
253109,C,3,236.53,347048,77273,8,11,F,2025-02-25 00:00:00.000,2025-02-25 10:27:37.000
261248,C,3,236.53,347048,77274,8,11,F,2025-02-25 00:00:00.000,2025-02-25 10:27:37.000
253110,C,3,236.53,347048,77275,8,11,F,2025-02-25 00:00:00.000,2025-02-25 10:27:37.000
242930,C,3,28.00,347066,77315,8,11,F,2025-02-25 00:00:00.000,2025-02-25 10:29:39.000
247138,C,3,15.66,347066,77316,8,11,F,2025-02-25 00:00:00.000,2025-02-25 10:29:39.000
259336,C,3,24.00,347073,77333,8,11,F,2025-02-25 00:00:00.000,2025-02-25 10:31:11.000
252617,C,3,24.00,347073,77334,8,11,F,2025-02-25 00:00:00.000,2025-02-25 10:31:11.000
259338,C,3,12.46,347073,77335,8,11,F,2025-02-25 00:00:00.000,2025-02-25 10:31:11.000
259337,C,3,12.46,347073,77336,8,11,F,2025-02-25 00:00:00.000,2025-02-25 10:31:11.000
259339,C,3,12.46,347073,77337,8,11,F,2025-02-25 00:00:00.000,2025-02-25 10:31:12.000
259120,C,3,25.93,347075,77343,8,11,F,2025-02-25 00:00:00.000,2025-02-25 10:32:00.000
259105,C,3,43.78,347075,77344,8,11,F,2025-02-25 00:00:00.000,2025-02-25 10:32:00.000
259104,C,3,43.78,347075,77345,8,11,F,2025-02-25 00:00:00.000,2025-02-25 10:32:00.000
258987,C,3,21.24,347075,77346,8,11,F,2025-02-25 00:00:00.000,2025-02-25 10:32:01.000
258988,C,3,21.24,347075,77347,8,11,F,2025-02-25 00:00:00.000,2025-02-25 10:32:01.000
258989,C,3,21.38,347075,77348,8,11,F,2025-02-25 00:00:00.000,2025-02-25 10:32:01.000
258990,C,3,21.38,347075,77349,8,11,F,2025-02-25 00:00:00.000,2025-02-25 10:32:01.000
259121,C,3,21.60,347075,77350,8,11,F,2025-02-25 00:00:00.000,2025-02-25 10:32:01.000
259106,C,3,130.25,347075,77351,8,11,F,2025-02-25 00:00:00.000,2025-02-25 10:32:01.000
259117,C,3,10.55,347075,77352,8,11,F,2025-02-25 00:00:00.000,2025-02-25 10:32:01.000
258970,C,3,10.84,347075,77353,8,11,F,2025-02-25 00:00:00.000,2025-02-25 10:32:01.000
259331,C,3,17.49,347077,77360,8,11,F,2025-02-25 00:00:00.000,2025-02-25 10:32:49.000
259334,C,3,17.49,347077,77361,8,11,F,2025-02-25 00:00:00.000,2025-02-25 10:32:49.000
259332,C,3,17.49,347077,77362,8,11,F,2025-02-25 00:00:00.000,2025-02-25 10:32:49.000
225820,C,3,32.95,347078,77363,8,11,F,2025-02-25 00:00:00.000,2025-02-25 10:33:38.000
235909,C,3,32.95,347078,77364,8,11,F,2025-02-25 00:00:00.000,2025-02-25 10:33:38.000
252091,C,3,32.95,347078,77365,8,11,F,2025-02-25 00:00:00.000,2025-02-25 10:33:38.000
225838,C,3,17.12,347078,77366,8,11,F,2025-02-25 00:00:00.000,2025-02-25 10:33:38.000
252653,C,3,17.12,347078,77367,8,11,F,2025-02-25 00:00:00.000,2025-02-25 10:33:39.000
252089,C,3,17.12,347078,77368,8,11,F,2025-02-25 00:00:00.000,2025-02-25 10:33:39.000
244731,C,3,7.26,347091,77416,8,11,F,2025-02-25 00:00:00.000,2025-02-25 10:41:54.000
244726,C,3,45.98,347091,77417,8,11,F,2025-02-25 00:00:00.000,2025-02-25 10:41:54.000
244465,C,3,12.32,347091,77418,8,11,F,2025-02-25 00:00:00.000,2025-02-25 10:41:54.000
244466,C,3,12.32,347091,77419,8,11,F,2025-02-25 00:00:00.000,2025-02-25 10:41:54.000
254928,C,3,75.95,347095,77424,8,11,F,2025-02-25 00:00:00.000,2025-02-25 10:42:42.000
249443,C,3,103.73,347095,77425,8,11,F,2025-02-25 00:00:00.000,2025-02-25 10:42:42.000
254937,C,3,56.95,347095,77426,8,11,F,2025-02-25 00:00:00.000,2025-02-25 10:42:42.000
254938,C,3,56.95,347095,77427,8,11,F,2025-02-25 00:00:00.000,2025-02-25 10:42:42.000
261277,C,3,233.54,347098,77439,8,11,F,2025-02-25 00:00:00.000,2025-02-25 10:43:33.000
261278,C,3,233.54,347098,77440,8,11,F,2025-02-25 00:00:00.000,2025-02-25 10:43:33.000
261280,C,3,199.55,347098,77441,8,11,F,2025-02-25 00:00:00.000,2025-02-25 10:43:34.000
261281,C,3,232.93,347098,77442,8,11,F,2025-02-25 00:00:00.000,2025-02-25 10:43:34.000
261317,C,3,67.30,347098,77443,8,11,F,2025-02-25 00:00:00.000,2025-02-25 10:43:34.000
261282,C,3,67.30,347098,77444,8,11,F,2025-02-25 00:00:00.000,2025-02-25 10:43:34.000
254897,C,3,63.59,347098,77445,8,11,F,2025-02-25 00:00:00.000,2025-02-25 10:43:34.000
255145,C,3,63.59,347098,77446,8,11,F,2025-02-25 00:00:00.000,2025-02-25 10:43:34.000
256461,C,3,169.89,347098,77447,8,11,F,2025-02-25 00:00:00.000,2025-02-25 10:43:34.000
257936,C,3,169.89,347098,77448,8,11,F,2025-02-25 00:00:00.000,2025-02-25 10:43:34.000
258529,C,3,233.54,347098,77449,8,11,F,2025-02-25 00:00:00.000,2025-02-25 10:43:34.000
259889,C,3,17.85,347101,77453,8,11,F,2025-02-25 00:00:00.000,2025-02-25 10:44:26.000
244522,C,3,22.23,347101,77454,8,11,F,2025-02-25 00:00:00.000,2025-02-25 10:44:26.000
258717,C,3,14.74,347101,77455,8,11,F,2025-02-25 00:00:00.000,2025-02-25 10:44:26.000
234149,C,3,36.00,347103,77457,8,11,F,2025-02-25 00:00:00.000,2025-02-25 10:45:02.000
234750,C,3,37.80,347104,77458,8,11,F,2025-02-25 00:00:00.000,2025-02-25 10:45:36.000
249826,C,3,68.70,347108,77466,8,11,F,2025-02-25 00:00:00.000,2025-02-25 10:47:11.000
234750,C,3,37.80,347108,77467,8,11,F,2025-02-25 00:00:00.000,2025-02-25 10:47:11.000
244684,C,3,32.90,347116,77501,8,11,F,2025-02-25 00:00:00.000,2025-02-25 10:51:44.000
244683,C,3,32.90,347116,77502,8,11,F,2025-02-25 00:00:00.000,2025-02-25 10:51:44.000
244688,C,3,32.90,347116,77503,8,11,F,2025-02-25 00:00:00.000,2025-02-25 10:51:44.000
244685,C,3,32.90,347116,77504,8,11,F,2025-02-25 00:00:00.000,2025-02-25 10:51:45.000
244687,C,3,32.90,347116,77505,8,11,F,2025-02-25 00:00:00.000,2025-02-25 10:51:45.000
253850,C,3,32.90,347116,77506,8,11,F,2025-02-25 00:00:00.000,2025-02-25 10:51:45.000
244690,C,3,42.45,347116,77507,8,11,F,2025-02-25 00:00:00.000,2025-02-25 10:51:45.000
244695,C,3,42.45,347116,77508,8,11,F,2025-02-25 00:00:00.000,2025-02-25 10:51:45.000
244704,C,3,42.45,347116,77509,8,11,F,2025-02-25 00:00:00.000,2025-02-25 10:51:45.000
244705,C,3,42.45,347116,77510,8,11,F,2025-02-25 00:00:00.000,2025-02-25 10:51:45.000
244707,C,3,44.50,347116,77511,8,11,F,2025-02-25 00:00:00.000,2025-02-25 10:51:45.000
253853,C,3,32.90,347116,77512,8,11,F,2025-02-25 00:00:00.000,2025-02-25 10:51:45.000
257332,C,3,135.73,347119,77518,8,11,F,2025-02-25 00:00:00.000,2025-02-25 10:54:32.000
256463,C,3,133.13,347119,77519,8,11,F,2025-02-25 00:00:00.000,2025-02-25 10:54:32.000
222242,C,3,28.80,347121,77524,8,11,F,2025-02-25 00:00:00.000,2025-02-25 10:55:08.000
222244,C,3,36.00,347123,77526,8,11,F,2025-02-25 00:00:00.000,2025-02-25 10:56:08.000
222255,C,3,53.70,347123,77527,8,11,F,2025-02-25 00:00:00.000,2025-02-25 10:56:08.000
234151,C,3,53.70,347123,77528,8,11,F,2025-02-25 00:00:00.000,2025-02-25 10:56:08.000
254097,C,3,05.03,347126,77547,8,11,F,2025-02-25 00:00:00.000,2025-02-25 10:57:33.000
254098,C,3,05.03,347126,77548,8,11,F,2025-02-25 00:00:00.000,2025-02-25 10:57:34.000
254103,C,3,5.33,347126,77549,8,11,F,2025-02-25 00:00:00.000,2025-02-25 10:57:34.000
239006,C,3,6.86,347126,77550,8,11,F,2025-02-25 00:00:00.000,2025-02-25 10:57:34.000
254099,C,3,5.61,347126,77551,8,11,F,2025-02-25 00:00:00.000,2025-02-25 10:57:34.000
254100,C,3,5.39,347126,77552,8,11,F,2025-02-25 00:00:00.000,2025-02-25 10:57:34.000
238996,C,3,11.64,347126,77553,8,11,F,2025-02-25 00:00:00.000,2025-02-25 10:57:34.000
254101,C,3,5.33,347126,77554,8,11,F,2025-02-25 00:00:00.000,2025-02-25 10:57:34.000
254102,C,3,5.33,347126,77555,8,11,F,2025-02-25 00:00:00.000,2025-02-25 10:57:34.000
238997,C,3,6.98,347126,77556,8,11,F,2025-02-25 00:00:00.000,2025-02-25 10:57:34.000
165870,C,3,1.89,347128,77562,8,11,F,2025-02-25 00:00:00.000,2025-02-25 10:58:17.000
253016,C,3,36.17,347131,77575,8,11,F,2025-02-25 00:00:00.000,2025-02-25 10:59:02.000
252938,C,3,7.60,347131,77576,8,11,F,2025-02-25 00:00:00.000,2025-02-25 10:59:02.000
249828,C,3,08.05,347134,77582,8,11,F,2025-02-25 00:00:00.000,2025-02-25 10:59:45.000
249827,C,3,08.05,347134,77583,8,11,F,2025-02-25 00:00:00.000,2025-02-25 10:59:45.000
249829,C,3,08.05,347134,77584,8,11,F,2025-02-25 00:00:00.000,2025-02-25 10:59:46.000
242057,C,3,28.00,347141,77600,8,11,F,2025-02-25 00:00:00.000,2025-02-25 11:06:55.000
6073,C,3,15.12,347147,77613,8,11,F,2025-02-25 00:00:00.000,2025-02-25 11:09:05.000
6076,C,3,15.09,347147,77614,8,11,F,2025-02-25 00:00:00.000,2025-02-25 11:09:05.000
6133,C,3,14.36,347147,77615,8,11,F,2025-02-25 00:00:00.000,2025-02-25 11:09:05.000
49511,C,3,13.47,347147,77616,8,11,F,2025-02-25 00:00:00.000,2025-02-25 11:09:06.000
6344,C,3,10.79,347147,77617,8,11,F,2025-02-25 00:00:00.000,2025-02-25 11:09:06.000
242509,C,3,15.62,347147,77618,8,11,F,2025-02-25 00:00:00.000,2025-02-25 11:09:06.000
254929,C,3,75.95,347150,77635,8,11,F,2025-02-25 00:00:00.000,2025-02-25 11:10:06.000
254930,C,3,75.95,347150,77636,8,11,F,2025-02-25 00:00:00.000,2025-02-25 11:10:06.000
254931,C,3,75.95,347150,77637,8,11,F,2025-02-25 00:00:00.000,2025-02-25 11:10:06.000
254940,C,3,56.95,347150,77638,8,11,F,2025-02-25 00:00:00.000,2025-02-25 11:10:06.000
254925,C,3,52.94,347150,77639,8,11,F,2025-02-25 00:00:00.000,2025-02-25 11:10:07.000
225022,C,3,14.38,347170,77695,8,11,F,2025-02-25 00:00:00.000,2025-02-25 11:20:55.000
225023,C,3,14.38,347170,77696,8,11,F,2025-02-25 00:00:00.000,2025-02-25 11:20:55.000
225026,C,3,14.38,347170,77697,8,11,F,2025-02-25 00:00:00.000,2025-02-25 11:20:55.000
225027,C,3,14.38,347170,77698,8,11,F,2025-02-25 00:00:00.000,2025-02-25 11:20:55.000
225024,C,3,14.38,347170,77699,8,11,F,2025-02-25 00:00:00.000,2025-02-25 11:20:55.000
225025,C,3,14.38,347170,77700,8,11,F,2025-02-25 00:00:00.000,2025-02-25 11:20:55.000
245898,C,3,17.47,347170,77701,8,11,F,2025-02-25 00:00:00.000,2025-02-25 11:20:55.000
225402,C,3,17.47,347170,77702,8,11,F,2025-02-25 00:00:00.000,2025-02-25 11:20:55.000
225403,C,3,17.47,347170,77703,8,11,F,2025-02-25 00:00:00.000,2025-02-25 11:20:56.000
245897,C,3,17.47,347170,77704,8,11,F,2025-02-25 00:00:00.000,2025-02-25 11:20:56.000
225404,C,3,17.47,347170,77705,8,11,F,2025-02-25 00:00:00.000,2025-02-25 11:20:56.000
235274,C,3,17.47,347170,77706,8,11,F,2025-02-25 00:00:00.000,2025-02-25 11:20:56.000
257028,C,3,15.44,347170,77707,8,11,F,2025-02-25 00:00:00.000,2025-02-25 11:20:56.000
258547,C,3,151.34,347175,77711,8,11,F,2025-02-25 00:00:00.000,2025-02-25 11:22:29.000
202421,C,3,104.93,347175,77712,8,11,F,2025-02-25 00:00:00.000,2025-02-25 11:22:30.000
219759,C,3,6.16,347273,78086,8,11,F,2025-02-25 00:00:00.000,2025-02-25 12:06:45.000
234343,C,3,8.52,347276,78098,8,11,F,2025-02-25 00:00:00.000,2025-02-25 12:07:26.000
222255,C,3,53.70,347276,78099,8,11,F,2025-02-25 00:00:00.000,2025-02-25 12:07:26.000
234148,C,3,28.80,347276,78100,8,11,F,2025-02-25 00:00:00.000,2025-02-25 12:07:26.000
249824,C,3,68.70,347282,78129,8,11,F,2025-02-25 00:00:00.000,2025-02-25 12:08:15.000
249826,C,3,68.70,347282,78130,8,11,F,2025-02-25 00:00:00.000,2025-02-25 12:08:15.000
249816,C,3,37.80,347282,78131,8,11,F,2025-02-25 00:00:00.000,2025-02-25 12:08:15.000
222244,C,3,36.00,347303,78249,8,11,F,2025-02-25 00:00:00.000,2025-02-25 12:10:39.000
261381,C,3,68.70,347308,78256,8,11,F,2025-02-25 00:00:00.000,2025-02-25 12:11:28.000
261382,C,3,68.70,347308,78257,8,11,F,2025-02-25 00:00:00.000,2025-02-25 12:11:28.000
261384,C,3,37.80,347308,78258,8,11,F,2025-02-25 00:00:00.000,2025-02-25 12:11:28.000
261383,C,3,37.80,347308,78259,8,11,F,2025-02-25 00:00:00.000,2025-02-25 12:11:28.000
261385,C,3,37.80,347308,78260,8,11,F,2025-02-25 00:00:00.000,2025-02-25 12:11:28.000
261386,C,3,37.80,347308,78261,8,11,F,2025-02-25 00:00:00.000,2025-02-25 12:11:28.000
259120,C,3,25.93,347311,78269,8,11,F,2025-02-25 00:00:00.000,2025-02-25 12:12:20.000
259105,C,3,43.78,347311,78270,8,11,F,2025-02-25 00:00:00.000,2025-02-25 12:12:20.000
259104,C,3,43.78,347311,78271,8,11,F,2025-02-25 00:00:00.000,2025-02-25 12:12:20.000
258987,C,3,21.24,347311,78272,8,11,F,2025-02-25 00:00:00.000,2025-02-25 12:12:20.000
258988,C,3,21.24,347311,78273,8,11,F,2025-02-25 00:00:00.000,2025-02-25 12:12:20.000
258989,C,3,21.38,347311,78274,8,11,F,2025-02-25 00:00:00.000,2025-02-25 12:12:20.000
258990,C,3,21.38,347311,78275,8,11,F,2025-02-25 00:00:00.000,2025-02-25 12:12:20.000
259121,C,3,21.60,347311,78276,8,11,F,2025-02-25 00:00:00.000,2025-02-25 12:12:21.000
259106,C,3,130.25,347311,78277,8,11,F,2025-02-25 00:00:00.000,2025-02-25 12:12:21.000
259117,C,3,10.55,347311,78278,8,11,F,2025-02-25 00:00:00.000,2025-02-25 12:12:21.000
258970,C,3,10.84,347311,78279,8,11,F,2025-02-25 00:00:00.000,2025-02-25 12:12:21.000
254929,C,3,75.95,347313,78280,8,11,F,2025-02-25 00:00:00.000,2025-02-25 12:13:08.000
254930,C,3,75.95,347313,78281,8,11,F,2025-02-25 00:00:00.000,2025-02-25 12:13:08.000
254931,C,3,75.95,347313,78282,8,11,F,2025-02-25 00:00:00.000,2025-02-25 12:13:08.000
254940,C,3,56.95,347313,78283,8,11,F,2025-02-25 00:00:00.000,2025-02-25 12:13:08.000
254925,C,3,52.94,347313,78284,8,11,F,2025-02-25 00:00:00.000,2025-02-25 12:13:08.000
16525,C,3,5.49,347318,78299,8,11,F,2025-02-25 00:00:00.000,2025-02-25 12:14:06.000
236766,C,3,31.90,347326,78332,8,11,F,2025-02-25 00:00:00.000,2025-02-25 12:15:10.000
236764,C,3,31.90,347326,78333,8,11,F,2025-02-25 00:00:00.000,2025-02-25 12:15:10.000
236762,C,3,31.90,347326,78334,8,11,F,2025-02-25 00:00:00.000,2025-02-25 12:15:10.000
236768,C,3,31.90,347326,78335,8,11,F,2025-02-25 00:00:00.000,2025-02-25 12:15:10.000
236775,C,3,45.00,347326,78336,8,11,F,2025-02-25 00:00:00.000,2025-02-25 12:15:10.000
236774,C,3,45.00,347326,78337,8,11,F,2025-02-25 00:00:00.000,2025-02-25 12:15:11.000
165870,C,3,1.89,347331,78350,8,11,F,2025-02-25 00:00:00.000,2025-02-25 12:16:03.000
260083,C,3,34.00,347336,78360,8,11,F,2025-02-25 00:00:00.000,2025-02-25 12:16:52.000
249925,C,3,6.39,347336,78361,8,11,F,2025-02-25 00:00:00.000,2025-02-25 12:16:52.000
249928,C,3,10.37,347336,78362,8,11,F,2025-02-25 00:00:00.000,2025-02-25 12:16:52.000
243308,C,3,07.02,347343,78375,8,11,F,2025-02-25 00:00:00.000,2025-02-25 12:17:42.000
243337,C,3,23.84,347343,78376,8,11,F,2025-02-25 00:00:00.000,2025-02-25 12:17:43.000
258517,C,3,132.80,347218,77864,8,3,F,2025-02-25 00:00:00.000,2025-02-25 11:41:26.000
258513,C,3,132.80,347218,77865,8,3,F,2025-02-25 00:00:00.000,2025-02-25 11:41:26.000
258515,C,3,132.80,347218,77866,8,3,F,2025-02-25 00:00:00.000,2025-02-25 11:41:26.000
258514,C,3,132.80,347218,77867,8,3,F,2025-02-25 00:00:00.000,2025-02-25 11:41:27.000
258516,C,3,132.80,347218,77868,8,3,F,2025-02-25 00:00:00.000,2025-02-25 11:41:27.000
258522,C,3,251.76,347218,77869,8,3,F,2025-02-25 00:00:00.000,2025-02-25 11:41:28.000
258550,C,3,155.97,347232,77921,8,3,F,2025-02-25 00:00:00.000,2025-02-25 11:46:16.000
257935,C,3,94.25,347232,77922,8,3,F,2025-02-25 00:00:00.000,2025-02-25 11:46:16.000
256930,C,3,73.43,347232,77923,8,3,F,2025-02-25 00:00:00.000,2025-02-25 11:46:17.000
258197,C,3,73.43,347232,77924,8,3,F,2025-02-25 00:00:00.000,2025-02-25 11:46:17.000
261761,C,3,15.00,347237,77989,8,74,F,2025-02-25 00:00:00.000,2025-02-25 11:58:09.000
261763,C,3,15.00,347237,77990,8,74,F,2025-02-25 00:00:00.000,2025-02-25 11:58:09.000
261762,C,3,15.00,347237,77991,8,74,F,2025-02-25 00:00:00.000,2025-02-25 11:58:09.000
261764,C,3,15.00,347237,77992,8,74,F,2025-02-25 00:00:00.000,2025-02-25 11:58:09.000
261765,C,3,15.00,347237,77993,8,74,F,2025-02-25 00:00:00.000,2025-02-25 11:58:09.000
261766,C,3,15.00,347237,77994,8,74,F,2025-02-25 00:00:00.000,2025-02-25 11:58:09.000
261767,C,3,15.00,347237,77995,8,74,F,2025-02-25 00:00:00.000,2025-02-25 11:58:10.000
261769,C,3,15.00,347237,77996,8,74,F,2025-02-25 00:00:00.000,2025-02-25 11:58:10.000
261770,C,3,15.00,347237,77997,8,74,F,2025-02-25 00:00:00.000,2025-02-25 11:58:10.000
258563,C,3,24.00,347237,77998,8,74,F,2025-02-25 00:00:00.000,2025-02-25 11:58:10.000
258564,C,3,24.00,347237,77999,8,74,F,2025-02-25 00:00:00.000,2025-02-25 11:58:10.000
261768,C,3,15.00,347237,78000,8,74,F,2025-02-25 00:00:00.000,2025-02-25 11:58:10.000
250108,C,3,18.75,347258,78054,8,3,F,2025-02-25 00:00:00.000,2025-02-25 12:04:35.000
250109,C,3,18.75,347258,78055,8,3,F,2025-02-25 00:00:00.000,2025-02-25 12:04:36.000
250099,C,3,5.68,347258,78056,8,3,F,2025-02-25 00:00:00.000,2025-02-25 12:04:36.000
238334,C,3,17.99,347258,78057,8,3,F,2025-02-25 00:00:00.000,2025-02-25 12:04:36.000
261039,C,3,16.90,347258,78058,8,3,F,2025-02-25 00:00:00.000,2025-02-25 12:04:37.000
261040,C,3,16.90,347258,78059,8,3,F,2025-02-25 00:00:00.000,2025-02-25 12:04:37.000
261041,C,3,9.48,347258,78060,8,3,F,2025-02-25 00:00:00.000,2025-02-25 12:04:38.000
261042,C,3,9.48,347258,78061,8,3,F,2025-02-25 00:00:00.000,2025-02-25 12:04:38.000
238336,C,3,16.90,347258,78062,8,3,F,2025-02-25 00:00:00.000,2025-02-25 12:04:38.000
245596,C,3,30.00,347258,78063,8,3,F,2025-02-25 00:00:00.000,2025-02-25 12:04:39.000
238319,C,3,6.00,347258,78064,8,3,F,2025-02-25 00:00:00.000,2025-02-25 12:04:39.000
250110,C,3,18.75,347258,78065,8,3,F,2025-02-25 00:00:00.000,2025-02-25 12:04:40.000
245969,C,3,40.20,347272,78127,8,3,F,2025-02-25 00:00:00.000,2025-02-25 12:08:13.000
245970,C,3,40.20,347272,78128,8,3,F,2025-02-25 00:00:00.000,2025-02-25 12:08:14.000
197283,C,3,77.95,347301,78262,8,3,F,2025-02-25 00:00:00.000,2025-02-25 12:11:33.000
44894,C,3,243.82,347314,78328,8,3,F,2025-02-25 00:00:00.000,2025-02-25 12:14:43.000
260239,C,3,17.50,347337,78382,8,3,F,2025-02-25 00:00:00.000,2025-02-25 12:18:09.000
247029,P,2,59.96,347171,77708,1,7,F,2025-02-25 00:00:00.000,2025-02-25 11:21:17.000
245061,P,2,149.90,347183,77733,1,7,F,2025-02-25 00:00:00.000,2025-02-25 11:25:29.000
248426,P,2,99.70,347400,78634,1,7,F,2025-02-25 00:00:00.000,2025-02-25 12:41:08.000
248435,P,2,29.99,347400,78635,1,7,F,2025-02-25 00:00:00.000,2025-02-25 12:41:09.000
222246,P,2,89.90,347400,78636,1,7,F,2025-02-25 00:00:00.000,2025-02-25 12:41:09.000
156942,P,5,69.90,347305,78252,1,7,F,2025-02-25 00:00:00.000,2025-02-25 12:10:59.000
260177,C,3,109.94,345332,70552,8,11,F,2025-02-24 00:00:00.000,2025-02-24 08:36:22.000
258544,C,3,151.34,345332,70553,8,11,F,2025-02-24 00:00:00.000,2025-02-24 08:36:22.000
253239,C,2,05.09,345344,70581,8,101,F,2025-02-24 00:00:00.000,2025-02-24 08:52:04.000
250147,C,2,17.60,345344,70582,8,101,F,2025-02-24 00:00:00.000,2025-02-24 08:52:05.000
250145,C,2,17.60,345344,70583,8,101,F,2025-02-24 00:00:00.000,2025-02-24 08:52:05.000
254586,C,2,17.60,345344,70584,8,101,F,2025-02-24 00:00:00.000,2025-02-24 08:52:05.000
254587,C,2,22.50,345344,70585,8,101,F,2025-02-24 00:00:00.000,2025-02-24 08:52:05.000
256929,C,2,21.00,345344,70586,8,101,F,2025-02-24 00:00:00.000,2025-02-24 08:52:05.000
250152,C,2,32.00,345344,70587,8,101,F,2025-02-24 00:00:00.000,2025-02-24 08:52:05.000
212904,C,2,13.61,345348,70599,8,101,F,2025-02-24 00:00:00.000,2025-02-24 08:59:18.000
248720,C,2,19.87,345348,70600,8,101,F,2025-02-24 00:00:00.000,2025-02-24 08:59:19.000
237499,C,4,7.80,345358,70635,8,100,F,2025-02-24 00:00:00.000,2025-02-24 09:08:30.000
233493,C,4,5.90,345358,70636,8,100,F,2025-02-24 00:00:00.000,2025-02-24 09:08:30.000
186169,C,4,12.41,345358,70637,8,100,F,2025-02-24 00:00:00.000,2025-02-24 09:08:30.000
243604,C,3,6.42,345408,70858,8,11,F,2025-02-24 00:00:00.000,2025-02-24 09:40:18.000
243600,C,3,5.82,345408,70859,8,11,F,2025-02-24 00:00:00.000,2025-02-24 09:40:18.000
44638,C,3,2.78,345408,70860,8,11,F,2025-02-24 00:00:00.000,2025-02-24 09:40:18.000
150537,C,3,6.86,345408,70861,8,11,F,2025-02-24 00:00:00.000,2025-02-24 09:40:18.000
211796,C,3,109.13,345410,70863,8,11,F,2025-02-24 00:00:00.000,2025-02-24 09:41:15.000
253120,P,4,128.77,345405,70847,1,7,F,2025-02-24 00:00:00.000,2025-02-24 09:39:40.000
255724,C,3,27.74,345381,70729,8,11,F,2025-02-24 00:00:00.000,2025-02-24 09:31:12.000
252606,C,3,380.13,345381,70730,8,11,F,2025-02-24 00:00:00.000,2025-02-24 09:31:12.000
245100,C,4,17.98,345358,70647,8,100,F,2025-02-24 00:00:00.000,2025-02-24 09:08:32.000
217788,C,4,11.16,345358,70648,8,100,F,2025-02-24 00:00:00.000,2025-02-24 09:08:32.000
237484,C,4,15.70,345358,70649,8,100,F,2025-02-24 00:00:00.000,2025-02-24 09:08:32.000
174787,C,4,7.25,345358,70650,8,100,F,2025-02-24 00:00:00.000,2025-02-24 09:08:32.000
240361,C,4,6.70,345358,70651,8,100,F,2025-02-24 00:00:00.000,2025-02-24 09:08:32.000
189786,C,4,19.46,345358,70652,8,100,F,2025-02-24 00:00:00.000,2025-02-24 09:08:33.000
210963,C,4,35.55,345358,70653,8,100,F,2025-02-24 00:00:00.000,2025-02-24 09:08:33.000
204577,C,4,25.00,345358,70654,8,100,F,2025-02-24 00:00:00.000,2025-02-24 09:08:33.000
225889,C,4,95.00,345358,70655,8,100,F,2025-02-24 00:00:00.000,2025-02-24 09:08:33.000
250422,C,4,49.72,345358,70656,8,100,F,2025-02-24 00:00:00.000,2025-02-24 09:08:33.000
234754,C,4,51.00,345358,70657,8,100,F,2025-02-24 00:00:00.000,2025-02-24 09:08:33.000
254928,C,3,75.95,345333,70554,8,11,F,2025-02-24 00:00:00.000,2025-02-24 08:37:16.000
254939,C,3,56.95,345333,70555,8,11,F,2025-02-24 00:00:00.000,2025-02-24 08:37:16.000
254937,C,3,56.95,345333,70556,8,11,F,2025-02-24 00:00:00.000,2025-02-24 08:37:17.000
254938,C,3,56.95,345333,70557,8,11,F,2025-02-24 00:00:00.000,2025-02-24 08:37:17.000
260177,C,3,109.94,345335,70563,8,11,F,2025-02-24 00:00:00.000,2025-02-24 08:38:15.000
261263,C,3,25.90,345335,70564,8,11,F,2025-02-24 00:00:00.000,2025-02-24 08:38:15.000
254589,C,3,67.95,345336,70565,8,11,F,2025-02-24 00:00:00.000,2025-02-24 08:38:52.000
248321,C,3,93.78,345337,70566,8,11,F,2025-02-24 00:00:00.000,2025-02-24 08:39:31.000
252655,C,3,32.95,345340,70569,8,11,F,2025-02-24 00:00:00.000,2025-02-24 08:42:08.000
225823,C,3,32.95,345340,70570,8,11,F,2025-02-24 00:00:00.000,2025-02-24 08:42:08.000
225829,C,3,41.78,345340,70571,8,11,F,2025-02-24 00:00:00.000,2025-02-24 08:42:08.000
252657,C,3,41.78,345340,70572,8,11,F,2025-02-24 00:00:00.000,2025-02-24 08:42:08.000
235913,C,3,17.12,345340,70573,8,11,F,2025-02-24 00:00:00.000,2025-02-24 08:42:08.000
225832,C,3,17.12,345340,70574,8,11,F,2025-02-24 00:00:00.000,2025-02-24 08:42:08.000
225838,C,3,17.12,345340,70575,8,11,F,2025-02-24 00:00:00.000,2025-02-24 08:42:09.000
6133,C,3,14.36,345354,70626,8,11,F,2025-02-24 00:00:00.000,2025-02-24 09:06:38.000
16427,C,3,5.22,345354,70627,8,11,F,2025-02-24 00:00:00.000,2025-02-24 09:06:38.000
49511,C,3,13.47,345354,70628,8,11,F,2025-02-24 00:00:00.000,2025-02-24 09:06:39.000
55577,C,3,10.21,345354,70629,8,11,F,2025-02-24 00:00:00.000,2025-02-24 09:06:39.000
253016,C,3,36.17,345355,70630,8,11,F,2025-02-24 00:00:00.000,2025-02-24 09:07:29.000
252938,C,3,7.60,345355,70631,8,11,F,2025-02-24 00:00:00.000,2025-02-24 09:07:29.000
234247,C,3,76.23,345357,70632,8,11,F,2025-02-24 00:00:00.000,2025-02-24 09:08:12.000
237491,C,3,5.00,345359,70658,8,11,F,2025-02-24 00:00:00.000,2025-02-24 09:08:51.000
261687,C,3,37.02,345360,70659,8,11,F,2025-02-24 00:00:00.000,2025-02-24 09:10:14.000
261686,C,3,37.02,345360,70660,8,11,F,2025-02-24 00:00:00.000,2025-02-24 09:10:14.000
261689,C,3,37.02,345360,70661,8,11,F,2025-02-24 00:00:00.000,2025-02-24 09:10:14.000
261688,C,3,37.02,345360,70662,8,11,F,2025-02-24 00:00:00.000,2025-02-24 09:10:14.000
261690,C,3,14.39,345360,70663,8,11,F,2025-02-24 00:00:00.000,2025-02-24 09:10:14.000
261693,C,3,14.39,345360,70664,8,11,F,2025-02-24 00:00:00.000,2025-02-24 09:10:14.000
261691,C,3,14.39,345360,70665,8,11,F,2025-02-24 00:00:00.000,2025-02-24 09:10:15.000
259653,C,3,64.29,345364,70686,8,11,F,2025-02-24 00:00:00.000,2025-02-24 09:14:33.000
259656,C,3,62.86,345364,70687,8,11,F,2025-02-24 00:00:00.000,2025-02-24 09:14:33.000
245982,C,3,35.66,345365,70688,8,11,F,2025-02-24 00:00:00.000,2025-02-24 09:15:23.000
250408,C,3,36.18,345369,70692,8,11,F,2025-02-24 00:00:00.000,2025-02-24 09:21:08.000
250504,C,3,91.10,345369,70693,8,11,F,2025-02-24 00:00:00.000,2025-02-24 09:21:09.000
250498,C,3,80.46,345369,70694,8,11,F,2025-02-24 00:00:00.000,2025-02-24 09:21:09.000
250490,C,3,58.30,345369,70695,8,11,F,2025-02-24 00:00:00.000,2025-02-24 09:21:09.000
236064,C,3,33.90,345469,71076,8,11,F,2025-02-24 00:00:00.000,2025-02-24 10:08:28.000
261525,C,3,6.95,345471,71078,8,11,F,2025-02-24 00:00:00.000,2025-02-24 10:09:18.000
261522,C,3,6.95,345471,71079,8,11,F,2025-02-24 00:00:00.000,2025-02-24 10:09:18.000
261523,C,3,6.95,345471,71080,8,11,F,2025-02-24 00:00:00.000,2025-02-24 10:09:18.000
261524,C,3,6.95,345471,71081,8,11,F,2025-02-24 00:00:00.000,2025-02-24 10:09:18.000
261526,C,3,6.95,345471,71082,8,11,F,2025-02-24 00:00:00.000,2025-02-24 10:09:18.000
261527,C,3,6.95,345471,71083,8,11,F,2025-02-24 00:00:00.000,2025-02-24 10:09:18.000
261528,C,3,6.95,345471,71084,8,11,F,2025-02-24 00:00:00.000,2025-02-24 10:09:19.000
254587,C,6,22.50,345467,71066,8,101,F,2025-02-24 00:00:00.000,2025-02-24 10:06:49.000
250155,C,6,21.00,345467,71067,8,101,F,2025-02-24 00:00:00.000,2025-02-24 10:06:49.000
250156,C,6,21.00,345467,71068,8,101,F,2025-02-24 00:00:00.000,2025-02-24 10:06:49.000
250154,C,6,21.00,345467,71069,8,101,F,2025-02-24 00:00:00.000,2025-02-24 10:06:49.000
256929,C,6,21.00,345467,71070,8,101,F,2025-02-24 00:00:00.000,2025-02-24 10:06:49.000
250152,C,6,32.00,345467,71071,8,101,F,2025-02-24 00:00:00.000,2025-02-24 10:06:49.000
250153,C,6,32.00,345467,71072,8,101,F,2025-02-24 00:00:00.000,2025-02-24 10:06:50.000
259228,C,3,39.49,345429,70916,8,11,F,2025-02-24 00:00:00.000,2025-02-24 09:52:32.000
254358,C,3,85.00,345438,70935,8,11,F,2025-02-24 00:00:00.000,2025-02-24 09:55:22.000
252914,C,3,26.00,345441,70947,8,11,F,2025-02-24 00:00:00.000,2025-02-24 09:56:33.000
252915,C,3,26.00,345441,70948,8,11,F,2025-02-24 00:00:00.000,2025-02-24 09:56:33.000
252916,C,3,26.00,345441,70949,8,11,F,2025-02-24 00:00:00.000,2025-02-24 09:56:33.000
252912,C,3,26.00,345441,70950,8,11,F,2025-02-24 00:00:00.000,2025-02-24 09:56:33.000
252913,C,3,26.00,345441,70951,8,11,F,2025-02-24 00:00:00.000,2025-02-24 09:56:33.000
252919,C,3,12.45,345441,70952,8,11,F,2025-02-24 00:00:00.000,2025-02-24 09:56:34.000
252920,C,3,12.45,345441,70953,8,11,F,2025-02-24 00:00:00.000,2025-02-24 09:56:34.000
252921,C,3,12.45,345441,70954,8,11,F,2025-02-24 00:00:00.000,2025-02-24 09:56:34.000
252917,C,3,12.45,345441,70955,8,11,F,2025-02-24 00:00:00.000,2025-02-24 09:56:34.000
252918,C,3,12.45,345441,70956,8,11,F,2025-02-24 00:00:00.000,2025-02-24 09:56:34.000
225022,C,3,14.38,345446,70966,8,11,F,2025-02-24 00:00:00.000,2025-02-24 09:57:21.000
225023,C,3,14.38,345446,70967,8,11,F,2025-02-24 00:00:00.000,2025-02-24 09:57:21.000
225026,C,3,14.38,345446,70968,8,11,F,2025-02-24 00:00:00.000,2025-02-24 09:57:21.000
225027,C,3,14.38,345446,70969,8,11,F,2025-02-24 00:00:00.000,2025-02-24 09:57:21.000
225404,C,3,17.47,345446,70970,8,11,F,2025-02-24 00:00:00.000,2025-02-24 09:57:21.000
250287,C,3,26.99,345448,70996,8,11,F,2025-02-24 00:00:00.000,2025-02-24 09:57:52.000
238748,P,11,20.13,345662,71748,1,12,F,2025-02-24 00:00:00.000,2025-02-24 11:24:45.000
250151,C,4,32.00,345492,71150,8,100,F,2025-02-24 00:00:00.000,2025-02-24 10:21:28.000
250146,C,4,17.60,345497,71174,8,101,F,2025-02-24 00:00:00.000,2025-02-24 10:23:14.000
258069,P,7,399.90,345551,71366,1,7,F,2025-02-24 00:00:00.000,2025-02-24 10:50:40.000
234750,P,11,37.80,345585,71517,1,12,F,2025-02-24 00:00:00.000,2025-02-24 11:02:18.000
260154,P,11,58.30,345587,71518,1,12,F,2025-02-24 00:00:00.000,2025-02-24 11:02:49.000
258492,P,2,129.90,345496,71173,1,7,F,2025-02-24 00:00:00.000,2025-02-24 10:22:57.000
225341,P,2,169.90,345519,71236,1,7,F,2025-02-24 00:00:00.000,2025-02-24 10:35:30.000
258390,P,2,19.99,345538,71314,1,7,F,2025-02-24 00:00:00.000,2025-02-24 10:46:23.000
254916,C,3,8.19,345642,71696,8,3,F,2025-02-24 00:00:00.000,2025-02-24 11:20:53.000
236351,C,3,37.90,345651,71775,8,3,F,2025-02-24 00:00:00.000,2025-02-24 11:25:01.000
236352,C,3,48.98,345651,71776,8,3,F,2025-02-24 00:00:00.000,2025-02-24 11:25:02.000
236353,C,3,53.90,345651,71777,8,3,F,2025-02-24 00:00:00.000,2025-02-24 11:25:02.000
236354,C,3,62.00,345651,71778,8,3,F,2025-02-24 00:00:00.000,2025-02-24 11:25:02.000
239403,C,3,11.80,345651,71779,8,3,F,2025-02-24 00:00:00.000,2025-02-24 11:25:03.000
248247,C,3,12.99,345707,71936,8,3,F,2025-02-24 00:00:00.000,2025-02-24 11:32:06.000
248246,C,3,12.99,345707,71937,8,3,F,2025-02-24 00:00:00.000,2025-02-24 11:32:07.000
244710,C,3,28.53,345707,71938,8,3,F,2025-02-24 00:00:00.000,2025-02-24 11:32:07.000
244716,C,3,34.90,345707,71939,8,3,F,2025-02-24 00:00:00.000,2025-02-24 11:32:07.000
248247,C,3,12.99,345726,71988,8,3,F,2025-02-24 00:00:00.000,2025-02-24 11:37:55.000
248248,C,3,12.99,345726,71989,8,3,F,2025-02-24 00:00:00.000,2025-02-24 11:37:56.000
248246,C,3,12.99,345726,71990,8,3,F,2025-02-24 00:00:00.000,2025-02-24 11:37:56.000
244710,C,3,28.53,345726,71991,8,3,F,2025-02-24 00:00:00.000,2025-02-24 11:37:57.000
244716,C,3,34.90,345726,71992,8,3,F,2025-02-24 00:00:00.000,2025-02-24 11:37:57.000
257028,C,3,15.44,345489,71145,8,11,F,2025-02-24 00:00:00.000,2025-02-24 10:21:06.000
252832,C,3,45.00,345494,71170,8,11,F,2025-02-24 00:00:00.000,2025-02-24 10:22:10.000
252833,C,3,45.00,345494,71171,8,11,F,2025-02-24 00:00:00.000,2025-02-24 10:22:10.000
185136,C,3,45.00,345494,71172,8,11,F,2025-02-24 00:00:00.000,2025-02-24 10:22:10.000
254358,C,3,85.00,345498,71187,8,11,F,2025-02-24 00:00:00.000,2025-02-24 10:23:16.000
156946,C,3,28.02,345499,71188,8,11,F,2025-02-24 00:00:00.000,2025-02-24 10:24:00.000
252196,C,3,67.30,345501,71189,8,11,F,2025-02-24 00:00:00.000,2025-02-24 10:24:53.000
250506,C,3,68.62,345503,71192,8,11,F,2025-02-24 00:00:00.000,2025-02-24 10:25:27.000
260149,C,3,68.62,345503,71193,8,11,F,2025-02-24 00:00:00.000,2025-02-24 10:25:27.000
210586,C,3,1.80,345476,71107,2,8,F,2025-02-24 00:00:00.000,2025-02-24 10:12:33.000
242407,C,3,25.90,345564,71449,8,3,F,2025-02-24 00:00:00.000,2025-02-24 10:55:57.000
176367,P,11,28.17,345590,71520,1,12,F,2025-02-24 00:00:00.000,2025-02-24 11:03:59.000
176368,P,11,28.17,345590,71521,1,12,F,2025-02-24 00:00:00.000,2025-02-24 11:03:59.000
176365,P,11,26.04,345590,71522,1,12,F,2025-02-24 00:00:00.000,2025-02-24 11:03:59.000
261052,P,11,7.50,345595,71533,1,12,F,2025-02-24 00:00:00.000,2025-02-24 11:05:17.000
261055,P,11,8.36,345595,71534,1,12,F,2025-02-24 00:00:00.000,2025-02-24 11:05:17.000
261071,P,11,13.79,345595,71535,1,12,F,2025-02-24 00:00:00.000,2025-02-24 11:05:18.000
261070,P,11,11.53,345595,71538,1,12,F,2025-02-24 00:00:00.000,2025-02-24 11:05:18.000
261073,P,11,8.14,345595,71539,1,12,F,2025-02-24 00:00:00.000,2025-02-24 11:05:19.000
261074,P,11,23.32,345595,71540,1,12,F,2025-02-24 00:00:00.000,2025-02-24 11:05:19.000
261491,C,3,13.98,345591,71523,8,11,F,2025-02-24 00:00:00.000,2025-02-24 11:04:35.000
261492,C,3,13.98,345591,71524,8,11,F,2025-02-24 00:00:00.000,2025-02-24 11:04:35.000
261488,C,3,12.88,345591,71525,8,11,F,2025-02-24 00:00:00.000,2025-02-24 11:04:35.000
261490,C,3,12.88,345591,71526,8,11,F,2025-02-24 00:00:00.000,2025-02-24 11:04:35.000
261687,C,3,37.02,345597,71543,8,11,F,2025-02-24 00:00:00.000,2025-02-24 11:05:37.000
